Fecha,Ciudad,Dosis_Administradas,Pauta_Completa
2020-03-01,Bogotá D.C.,0,0
2020-03-02,Bogotá D.C.,0,0
2020-03-03,Bogotá D.C.,0,0
2020-03-04,Bogotá D.C.,0,0
2020-03-05,Bogotá D.C.,0,0
2020-03-06,Bogotá D.C.,0,0
2020-03-07,Bogotá D.C.,0,0
2020-03-08,Bogotá D.C.,0,0
2020-03-09,Bogotá D.C.,0,0
2020-03-10,Bogotá D.C.,0,0
2020-03-11,Bogotá D.C.,0,0
2020-03-12,Bogotá D.C.,0,0
2020-03-13,Bogotá D.C.,0,0
2020-03-14,Bogotá D.C.,0,0
2020-03-15,Bogotá D.C.,0,0
2020-03-16,Bogotá D.C.,0,0
2020-03-17,Bogotá D.C.,0,0
2020-03-18,Bogotá D.C.,0,0
2020-03-19,Bogotá D.C.,0,0
2020-03-20,Bogotá D.C.,0,0
2020-03-21,Bogotá D.C.,0,0
2020-03-22,Bogotá D.C.,0,0
2020-03-23,Bogotá D.C.,0,0
2020-03-24,Bogotá D.C.,0,0
2020-03-25,Bogotá D.C.,0,0
2020-03-26,Bogotá D.C.,0,0
2020-03-27,Bogotá D.C.,0,0
2020-03-28,Bogotá D.C.,0,0
2020-03-29,Bogotá D.C.,0,0
2020-03-30,Bogotá D.C.,0,0
2020-03-31,Bogotá D.C.,0,0
2020-04-01,Bogotá D.C.,0,0
2020-04-02,Bogotá D.C.,0,0
2020-04-03,Bogotá D.C.,0,0
2020-04-04,Bogotá D.C.,0,0
2020-04-05,Bogotá D.C.,0,0
2020-04-06,Bogotá D.C.,0,0
2020-04-07,Bogotá D.C.,0,0
2020-04-08,Bogotá D.C.,0,0
2020-04-09,Bogotá D.C.,0,0
2020-04-10,Bogotá D.C.,0,0
2020-04-11,Bogotá D.C.,0,0
2020-04-12,Bogotá D.C.,0,0
2020-04-13,Bogotá D.C.,0,0
2020-04-14,Bogotá D.C.,0,0
2020-04-15,Bogotá D.C.,0,0
2020-04-16,Bogotá D.C.,0,0
2020-04-17,Bogotá D.C.,0,0
2020-04-18,Bogotá D.C.,0,0
2020-04-19,Bogotá D.C.,0,0
2020-04-20,Bogotá D.C.,0,0
2020-04-21,Bogotá D.C.,0,0
2020-04-22,Bogotá D.C.,0,0
2020-04-23,Bogotá D.C.,0,0
2020-04-24,Bogotá D.C.,0,0
2020-04-25,Bogotá D.C.,0,0
2020-04-26,Bogotá D.C.,0,0
2020-04-27,Bogotá D.C.,0,0
2020-04-28,Bogotá D.C.,0,0
2020-04-29,Bogotá D.C.,0,0
2020-04-30,Bogotá D.C.,0,0
2020-05-01,Bogotá D.C.,0,0
2020-05-02,Bogotá D.C.,0,0
2020-05-03,Bogotá D.C.,0,0
2020-05-04,Bogotá D.C.,0,0
2020-05-05,Bogotá D.C.,0,0
2020-05-06,Bogotá D.C.,0,0
2020-05-07,Bogotá D.C.,0,0
2020-05-08,Bogotá D.C.,0,0
2020-05-09,Bogotá D.C.,0,0
2020-05-10,Bogotá D.C.,0,0
2020-05-11,Bogotá D.C.,0,0
2020-05-12,Bogotá D.C.,0,0
2020-05-13,Bogotá D.C.,0,0
2020-05-14,Bogotá D.C.,0,0
2020-05-15,Bogotá D.C.,0,0
2020-05-16,Bogotá D.C.,0,0
2020-05-17,Bogotá D.C.,0,0
2020-05-18,Bogotá D.C.,0,0
2020-05-19,Bogotá D.C.,0,0
2020-05-20,Bogotá D.C.,0,0
2020-05-21,Bogotá D.C.,0,0
2020-05-22,Bogotá D.C.,0,0
2020-05-23,Bogotá D.C.,0,0
2020-05-24,Bogotá D.C.,0,0
2020-05-25,Bogotá D.C.,0,0
2020-05-26,Bogotá D.C.,0,0
2020-05-27,Bogotá D.C.,0,0
2020-05-28,Bogotá D.C.,0,0
2020-05-29,Bogotá D.C.,0,0
2020-05-30,Bogotá D.C.,0,0
2020-05-31,Bogotá D.C.,0,0
2020-06-01,Bogotá D.C.,0,0
2020-06-02,Bogotá D.C.,0,0
2020-06-03,Bogotá D.C.,0,0
2020-06-04,Bogotá D.C.,0,0
2020-06-05,Bogotá D.C.,0,0
2020-06-06,Bogotá D.C.,0,0
2020-06-07,Bogotá D.C.,0,0
2020-06-08,Bogotá D.C.,0,0
2020-06-09,Bogotá D.C.,0,0
2020-06-10,Bogotá D.C.,0,0
2020-06-11,Bogotá D.C.,0,0
2020-06-12,Bogotá D.C.,0,0
2020-06-13,Bogotá D.C.,0,0
2020-06-14,Bogotá D.C.,0,0
2020-06-15,Bogotá D.C.,0,0
2020-06-16,Bogotá D.C.,0,0
2020-06-17,Bogotá D.C.,0,0
2020-06-18,Bogotá D.C.,0,0
2020-06-19,Bogotá D.C.,0,0
2020-06-20,Bogotá D.C.,0,0
2020-06-21,Bogotá D.C.,0,0
2020-06-22,Bogotá D.C.,0,0
2020-06-23,Bogotá D.C.,0,0
2020-06-24,Bogotá D.C.,0,0
2020-06-25,Bogotá D.C.,0,0
2020-06-26,Bogotá D.C.,0,0
2020-06-27,Bogotá D.C.,0,0
2020-06-28,Bogotá D.C.,0,0
2020-06-29,Bogotá D.C.,0,0
2020-06-30,Bogotá D.C.,0,0
2020-07-01,Bogotá D.C.,0,0
2020-07-02,Bogotá D.C.,0,0
2020-07-03,Bogotá D.C.,0,0
2020-07-04,Bogotá D.C.,0,0
2020-07-05,Bogotá D.C.,0,0
2020-07-06,Bogotá D.C.,0,0
2020-07-07,Bogotá D.C.,0,0
2020-07-08,Bogotá D.C.,0,0
2020-07-09,Bogotá D.C.,0,0
2020-07-10,Bogotá D.C.,0,0
2020-07-11,Bogotá D.C.,0,0
2020-07-12,Bogotá D.C.,0,0
2020-07-13,Bogotá D.C.,0,0
2020-07-14,Bogotá D.C.,0,0
2020-07-15,Bogotá D.C.,0,0
2020-07-16,Bogotá D.C.,0,0
2020-07-17,Bogotá D.C.,0,0
2020-07-18,Bogotá D.C.,0,0
2020-07-19,Bogotá D.C.,0,0
2020-07-20,Bogotá D.C.,0,0
2020-07-21,Bogotá D.C.,0,0
2020-07-22,Bogotá D.C.,0,0
2020-07-23,Bogotá D.C.,0,0
2020-07-24,Bogotá D.C.,0,0
2020-07-25,Bogotá D.C.,0,0
2020-07-26,Bogotá D.C.,0,0
2020-07-27,Bogotá D.C.,0,0
2020-07-28,Bogotá D.C.,0,0
2020-07-29,Bogotá D.C.,0,0
2020-07-30,Bogotá D.C.,0,0
2020-07-31,Bogotá D.C.,0,0
2020-08-01,Bogotá D.C.,0,0
2020-08-02,Bogotá D.C.,0,0
2020-08-03,Bogotá D.C.,0,0
2020-08-04,Bogotá D.C.,0,0
2020-08-05,Bogotá D.C.,0,0
2020-08-06,Bogotá D.C.,0,0
2020-08-07,Bogotá D.C.,0,0
2020-08-08,Bogotá D.C.,0,0
2020-08-09,Bogotá D.C.,0,0
2020-08-10,Bogotá D.C.,0,0
2020-08-11,Bogotá D.C.,0,0
2020-08-12,Bogotá D.C.,0,0
2020-08-13,Bogotá D.C.,0,0
2020-08-14,Bogotá D.C.,0,0
2020-08-15,Bogotá D.C.,0,0
2020-08-16,Bogotá D.C.,0,0
2020-08-17,Bogotá D.C.,0,0
2020-08-18,Bogotá D.C.,0,0
2020-08-19,Bogotá D.C.,0,0
2020-08-20,Bogotá D.C.,0,0
2020-08-21,Bogotá D.C.,0,0
2020-08-22,Bogotá D.C.,0,0
2020-08-23,Bogotá D.C.,0,0
2020-08-24,Bogotá D.C.,0,0
2020-08-25,Bogotá D.C.,0,0
2020-08-26,Bogotá D.C.,0,0
2020-08-27,Bogotá D.C.,0,0
2020-08-28,Bogotá D.C.,0,0
2020-08-29,Bogotá D.C.,0,0
2020-08-30,Bogotá D.C.,0,0
2020-08-31,Bogotá D.C.,0,0
2020-09-01,Bogotá D.C.,0,0
2020-09-02,Bogotá D.C.,0,0
2020-09-03,Bogotá D.C.,0,0
2020-09-04,Bogotá D.C.,0,0
2020-09-05,Bogotá D.C.,0,0
2020-09-06,Bogotá D.C.,0,0
2020-09-07,Bogotá D.C.,0,0
2020-09-08,Bogotá D.C.,0,0
2020-09-09,Bogotá D.C.,0,0
2020-09-10,Bogotá D.C.,0,0
2020-09-11,Bogotá D.C.,0,0
2020-09-12,Bogotá D.C.,0,0
2020-09-13,Bogotá D.C.,0,0
2020-09-14,Bogotá D.C.,0,0
2020-09-15,Bogotá D.C.,0,0
2020-09-16,Bogotá D.C.,0,0
2020-09-17,Bogotá D.C.,0,0
2020-09-18,Bogotá D.C.,0,0
2020-09-19,Bogotá D.C.,0,0
2020-09-20,Bogotá D.C.,0,0
2020-09-21,Bogotá D.C.,0,0
2020-09-22,Bogotá D.C.,0,0
2020-09-23,Bogotá D.C.,0,0
2020-09-24,Bogotá D.C.,0,0
2020-09-25,Bogotá D.C.,0,0
2020-09-26,Bogotá D.C.,0,0
2020-09-27,Bogotá D.C.,0,0
2020-09-28,Bogotá D.C.,0,0
2020-09-29,Bogotá D.C.,0,0
2020-09-30,Bogotá D.C.,0,0
2020-10-01,Bogotá D.C.,0,0
2020-10-02,Bogotá D.C.,0,0
2020-10-03,Bogotá D.C.,0,0
2020-10-04,Bogotá D.C.,0,0
2020-10-05,Bogotá D.C.,0,0
2020-10-06,Bogotá D.C.,0,0
2020-10-07,Bogotá D.C.,0,0
2020-10-08,Bogotá D.C.,0,0
2020-10-09,Bogotá D.C.,0,0
2020-10-10,Bogotá D.C.,0,0
2020-10-11,Bogotá D.C.,0,0
2020-10-12,Bogotá D.C.,0,0
2020-10-13,Bogotá D.C.,0,0
2020-10-14,Bogotá D.C.,0,0
2020-10-15,Bogotá D.C.,0,0
2020-10-16,Bogotá D.C.,0,0
2020-10-17,Bogotá D.C.,0,0
2020-10-18,Bogotá D.C.,0,0
2020-10-19,Bogotá D.C.,0,0
2020-10-20,Bogotá D.C.,0,0
2020-10-21,Bogotá D.C.,0,0
2020-10-22,Bogotá D.C.,0,0
2020-10-23,Bogotá D.C.,0,0
2020-10-24,Bogotá D.C.,0,0
2020-10-25,Bogotá D.C.,0,0
2020-10-26,Bogotá D.C.,0,0
2020-10-27,Bogotá D.C.,0,0
2020-10-28,Bogotá D.C.,0,0
2020-10-29,Bogotá D.C.,0,0
2020-10-30,Bogotá D.C.,0,0
2020-10-31,Bogotá D.C.,0,0
2020-11-01,Bogotá D.C.,0,0
2020-11-02,Bogotá D.C.,0,0
2020-11-03,Bogotá D.C.,0,0
2020-11-04,Bogotá D.C.,0,0
2020-11-05,Bogotá D.C.,0,0
2020-11-06,Bogotá D.C.,0,0
2020-11-07,Bogotá D.C.,0,0
2020-11-08,Bogotá D.C.,0,0
2020-11-09,Bogotá D.C.,0,0
2020-11-10,Bogotá D.C.,0,0
2020-11-11,Bogotá D.C.,0,0
2020-11-12,Bogotá D.C.,0,0
2020-11-13,Bogotá D.C.,0,0
2020-11-14,Bogotá D.C.,0,0
2020-11-15,Bogotá D.C.,0,0
2020-11-16,Bogotá D.C.,0,0
2020-11-17,Bogotá D.C.,0,0
2020-11-18,Bogotá D.C.,0,0
2020-11-19,Bogotá D.C.,0,0
2020-11-20,Bogotá D.C.,0,0
2020-11-21,Bogotá D.C.,0,0
2020-11-22,Bogotá D.C.,0,0
2020-11-23,Bogotá D.C.,0,0
2020-11-24,Bogotá D.C.,0,0
2020-11-25,Bogotá D.C.,0,0
2020-11-26,Bogotá D.C.,0,0
2020-11-27,Bogotá D.C.,0,0
2020-11-28,Bogotá D.C.,0,0
2020-11-29,Bogotá D.C.,0,0
2020-11-30,Bogotá D.C.,0,0
2020-12-01,Bogotá D.C.,0,0
2020-12-02,Bogotá D.C.,0,0
2020-12-03,Bogotá D.C.,0,0
2020-12-04,Bogotá D.C.,0,0
2020-12-05,Bogotá D.C.,0,0
2020-12-06,Bogotá D.C.,0,0
2020-12-07,Bogotá D.C.,0,0
2020-12-08,Bogotá D.C.,0,0
2020-12-09,Bogotá D.C.,0,0
2020-12-10,Bogotá D.C.,0,0
2020-12-11,Bogotá D.C.,0,0
2020-12-12,Bogotá D.C.,0,0
2020-12-13,Bogotá D.C.,0,0
2020-12-14,Bogotá D.C.,0,0
2020-12-15,Bogotá D.C.,0,0
2020-12-16,Bogotá D.C.,0,0
2020-12-17,Bogotá D.C.,0,0
2020-12-18,Bogotá D.C.,0,0
2020-12-19,Bogotá D.C.,0,0
2020-12-20,Bogotá D.C.,0,0
2020-12-21,Bogotá D.C.,0,0
2020-12-22,Bogotá D.C.,0,0
2020-12-23,Bogotá D.C.,0,0
2020-12-24,Bogotá D.C.,0,0
2020-12-25,Bogotá D.C.,0,0
2020-12-26,Bogotá D.C.,0,0
2020-12-27,Bogotá D.C.,0,0
2020-12-28,Bogotá D.C.,0,0
2020-12-29,Bogotá D.C.,0,0
2020-12-30,Bogotá D.C.,0,0
2020-12-31,Bogotá D.C.,0,0
2021-01-01,Bogotá D.C.,0,0
2021-01-02,Bogotá D.C.,0,0
2021-01-03,Bogotá D.C.,0,0
2021-01-04,Bogotá D.C.,0,0
2021-01-05,Bogotá D.C.,0,0
2021-01-06,Bogotá D.C.,0,0
2021-01-07,Bogotá D.C.,0,0
2021-01-08,Bogotá D.C.,0,0
2021-01-09,Bogotá D.C.,0,0
2021-01-10,Bogotá D.C.,0,0
2021-01-11,Bogotá D.C.,0,0
2021-01-12,Bogotá D.C.,0,0
2021-01-13,Bogotá D.C.,0,0
2021-01-14,Bogotá D.C.,0,0
2021-01-15,Bogotá D.C.,0,0
2021-01-16,Bogotá D.C.,0,0
2021-01-17,Bogotá D.C.,0,0
2021-01-18,Bogotá D.C.,0,0
2021-01-19,Bogotá D.C.,0,0
2021-01-20,Bogotá D.C.,0,0
2021-01-21,Bogotá D.C.,0,0
2021-01-22,Bogotá D.C.,0,0
2021-01-23,Bogotá D.C.,0,0
2021-01-24,Bogotá D.C.,0,0
2021-01-25,Bogotá D.C.,0,0
2021-01-26,Bogotá D.C.,0,0
2021-01-27,Bogotá D.C.,0,0
2021-01-28,Bogotá D.C.,0,0
2021-01-29,Bogotá D.C.,0,0
2021-01-30,Bogotá D.C.,0,0
2021-01-31,Bogotá D.C.,0,0
2021-02-01,Bogotá D.C.,0,0
2021-02-02,Bogotá D.C.,0,0
2021-02-03,Bogotá D.C.,0,0
2021-02-04,Bogotá D.C.,0,0
2021-02-05,Bogotá D.C.,0,0
2021-02-06,Bogotá D.C.,0,0
2021-02-07,Bogotá D.C.,0,0
2021-02-08,Bogotá D.C.,0,0
2021-02-09,Bogotá D.C.,0,0
2021-02-10,Bogotá D.C.,0,0
2021-02-11,Bogotá D.C.,0,0
2021-02-12,Bogotá D.C.,0,0
2021-02-13,Bogotá D.C.,0,0
2021-02-14,Bogotá D.C.,0,0
2021-02-15,Bogotá D.C.,0,0
2021-02-16,Bogotá D.C.,0,0
2021-02-17,Bogotá D.C.,1043,627
2021-02-18,Bogotá D.C.,2151,1276
2021-02-19,Bogotá D.C.,3620,2006
2021-02-20,Bogotá D.C.,4800,2811
2021-02-21,Bogotá D.C.,5912,3579
2021-02-22,Bogotá D.C.,6739,4037
2021-02-23,Bogotá D.C.,8149,4734
2021-02-24,Bogotá D.C.,8984,5192
2021-02-25,Bogotá D.C.,10059,5797
2021-02-26,Bogotá D.C.,10747,6222
2021-02-27,Bogotá D.C.,11694,6787
2021-02-28,Bogotá D.C.,13148,7685
2021-03-01,Bogotá D.C.,14221,8453
2021-03-02,Bogotá D.C.,15599,9280
2021-03-03,Bogotá D.C.,17039,10130
2021-03-04,Bogotá D.C.,18101,10838
2021-03-05,Bogotá D.C.,19465,11490
2021-03-06,Bogotá D.C.,20980,12271
2021-03-07,Bogotá D.C.,22083,12904
2021-03-08,Bogotá D.C.,22982,13388
2021-03-09,Bogotá D.C.,24274,14305
2021-03-10,Bogotá D.C.,25151,14926
2021-03-11,Bogotá D.C.,26603,15826
2021-03-12,Bogotá D.C.,27832,16608
2021-03-13,Bogotá D.C.,29303,17429
2021-03-14,Bogotá D.C.,30265,17876
2021-03-15,Bogotá D.C.,30891,18141
2021-03-16,Bogotá D.C.,31853,18730
2021-03-17,Bogotá D.C.,33473,19716
2021-03-18,Bogotá D.C.,35117,20596
2021-03-19,Bogotá D.C.,36479,21284
2021-03-20,Bogotá D.C.,37693,22009
2021-03-21,Bogotá D.C.,38665,22561
2021-03-22,Bogotá D.C.,39839,23486
2021-03-23,Bogotá D.C.,40851,23914
2021-03-24,Bogotá D.C.,42269,24686
2021-03-25,Bogotá D.C.,43686,25551
2021-03-26,Bogotá D.C.,45471,26704
2021-03-27,Bogotá D.C.,46762,27505
2021-03-28,Bogotá D.C.,47972,28161
2021-03-29,Bogotá D.C.,49200,28826
2021-03-30,Bogotá D.C.,50768,29652
2021-03-31,Bogotá D.C.,52065,30435
2021-04-01,Bogotá D.C.,53454,31254
2021-04-02,Bogotá D.C.,54846,32059
2021-04-03,Bogotá D.C.,56977,33309
2021-04-04,Bogotá D.C.,59060,34321
2021-04-05,Bogotá D.C.,60854,35223
2021-04-06,Bogotá D.C.,62527,36232
2021-04-07,Bogotá D.C.,64024,37061
2021-04-08,Bogotá D.C.,66215,38772
2021-04-09,Bogotá D.C.,67553,39799
2021-04-10,Bogotá D.C.,69389,40971
2021-04-11,Bogotá D.C.,71711,42397
2021-04-12,Bogotá D.C.,73911,43974
2021-04-13,Bogotá D.C.,75438,45020
2021-04-14,Bogotá D.C.,76616,45628
2021-04-15,Bogotá D.C.,77785,46199
2021-04-16,Bogotá D.C.,79366,47156
2021-04-17,Bogotá D.C.,80634,48103
2021-04-18,Bogotá D.C.,82422,49178
2021-04-19,Bogotá D.C.,83699,49791
2021-04-20,Bogotá D.C.,85113,50692
2021-04-21,Bogotá D.C.,86353,51417
2021-04-22,Bogotá D.C.,87652,52140
2021-04-23,Bogotá D.C.,90251,53786
2021-04-24,Bogotá D.C.,92545,55508
2021-04-25,Bogotá D.C.,94713,56812
2021-04-26,Bogotá D.C.,96488,57995
2021-04-27,Bogotá D.C.,99032,59469
2021-04-28,Bogotá D.C.,100100,60082
2021-04-29,Bogotá D.C.,101573,60826
2021-04-30,Bogotá D.C.,103302,62175
2021-05-01,Bogotá D.C.,105062,63334
2021-05-02,Bogotá D.C.,107029,64698
2021-05-03,Bogotá D.C.,108773,66001
2021-05-04,Bogotá D.C.,110365,67108
2021-05-05,Bogotá D.C.,112154,68252
2021-05-06,Bogotá D.C.,113985,69493
2021-05-07,Bogotá D.C.,115952,70491
2021-05-08,Bogotá D.C.,118269,71930
2021-05-09,Bogotá D.C.,120150,72812
2021-05-10,Bogotá D.C.,122218,73937
2021-05-11,Bogotá D.C.,123945,75184
2021-05-12,Bogotá D.C.,124993,75977
2021-05-13,Bogotá D.C.,127269,77441
2021-05-14,Bogotá D.C.,129578,78897
2021-05-15,Bogotá D.C.,131581,79743
2021-05-16,Bogotá D.C.,133674,80647
2021-05-17,Bogotá D.C.,135522,81893
2021-05-18,Bogotá D.C.,137653,82979
2021-05-19,Bogotá D.C.,140344,84658
2021-05-20,Bogotá D.C.,142295,85964
2021-05-21,Bogotá D.C.,143867,86991
2021-05-22,Bogotá D.C.,146037,88257
2021-05-23,Bogotá D.C.,148869,90055
2021-05-24,Bogotá D.C.,150998,91429
2021-05-25,Bogotá D.C.,153249,92930
2021-05-26,Bogotá D.C.,155282,94204
2021-05-27,Bogotá D.C.,157180,95118
2021-05-28,Bogotá D.C.,159131,96092
2021-05-29,Bogotá D.C.,161780,97731
2021-05-30,Bogotá D.C.,164308,99541
2021-05-31,Bogotá D.C.,166253,100489
2021-06-01,Bogotá D.C.,168362,101924
2021-06-02,Bogotá D.C.,169912,102874
2021-06-03,Bogotá D.C.,171640,103878
2021-06-04,Bogotá D.C.,173756,105023
2021-06-05,Bogotá D.C.,175958,105929
2021-06-06,Bogotá D.C.,178627,107740
2021-06-07,Bogotá D.C.,181788,109672
2021-06-08,Bogotá D.C.,184093,111136
2021-06-09,Bogotá D.C.,186484,112811
2021-06-10,Bogotá D.C.,187913,113954
2021-06-11,Bogotá D.C.,189724,115314
2021-06-12,Bogotá D.C.,192303,116752
2021-06-13,Bogotá D.C.,194945,118484
2021-06-14,Bogotá D.C.,196534,119222
2021-06-15,Bogotá D.C.,198316,120272
2021-06-16,Bogotá D.C.,200380,121610
2021-06-17,Bogotá D.C.,202398,122904
2021-06-18,Bogotá D.C.,205039,124183
2021-06-19,Bogotá D.C.,207468,125572
2021-06-20,Bogotá D.C.,209958,127534
2021-06-21,Bogotá D.C.,212524,129130
2021-06-22,Bogotá D.C.,214787,130543
2021-06-23,Bogotá D.C.,217469,132118
2021-06-24,Bogotá D.C.,219695,133715
2021-06-25,Bogotá D.C.,221355,134584
2021-06-26,Bogotá D.C.,224569,136524
2021-06-27,Bogotá D.C.,227524,137737
2021-06-28,Bogotá D.C.,230965,139214
2021-06-29,Bogotá D.C.,233552,140671
2021-06-30,Bogotá D.C.,235824,142062
2021-07-01,Bogotá D.C.,238352,143589
2021-07-02,Bogotá D.C.,240971,144775
2021-07-03,Bogotá D.C.,243290,146568
2021-07-04,Bogotá D.C.,245751,147550
2021-07-05,Bogotá D.C.,247944,148888
2021-07-06,Bogotá D.C.,249964,149962
2021-07-07,Bogotá D.C.,252718,151765
2021-07-08,Bogotá D.C.,255837,153098
2021-07-09,Bogotá D.C.,258147,154563
2021-07-10,Bogotá D.C.,260822,156620
2021-07-11,Bogotá D.C.,264738,159014
2021-07-12,Bogotá D.C.,266984,160658
2021-07-13,Bogotá D.C.,269136,161602
2021-07-14,Bogotá D.C.,272221,163700
2021-07-15,Bogotá D.C.,275210,165579
2021-07-16,Bogotá D.C.,278208,167447
2021-07-17,Bogotá D.C.,281082,169242
2021-07-18,Bogotá D.C.,284146,171442
2021-07-19,Bogotá D.C.,285854,172431
2021-07-20,Bogotá D.C.,288314,174240
2021-07-21,Bogotá D.C.,291252,175761
2021-07-22,Bogotá D.C.,294639,177909
2021-07-23,Bogotá D.C.,297343,179574
2021-07-24,Bogotá D.C.,300049,181353
2021-07-25,Bogotá D.C.,303569,183640
2021-07-26,Bogotá D.C.,306705,185422
2021-07-27,Bogotá D.C.,308853,186857
2021-07-28,Bogotá D.C.,312466,188843
2021-07-29,Bogotá D.C.,314480,190135
2021-07-30,Bogotá D.C.,318470,192082
2021-07-31,Bogotá D.C.,322793,194972
2021-08-01,Bogotá D.C.,325659,196910
2021-08-02,Bogotá D.C.,328157,198654
2021-08-03,Bogotá D.C.,330292,200285
2021-08-04,Bogotá D.C.,332667,202088
2021-08-05,Bogotá D.C.,334934,203180
2021-08-06,Bogotá D.C.,338131,204907
2021-08-07,Bogotá D.C.,341425,206511
2021-08-08,Bogotá D.C.,344052,207848
2021-08-09,Bogotá D.C.,347332,209414
2021-08-10,Bogotá D.C.,350149,211017
2021-08-11,Bogotá D.C.,353023,212935
2021-08-12,Bogotá D.C.,356497,215638
2021-08-13,Bogotá D.C.,359575,217413
2021-08-14,Bogotá D.C.,362979,219709
2021-08-15,Bogotá D.C.,366079,221139
2021-08-16,Bogotá D.C.,368908,222765
2021-08-17,Bogotá D.C.,372552,224440
2021-08-18,Bogotá D.C.,377122,227530
2021-08-19,Bogotá D.C.,380070,229796
2021-08-20,Bogotá D.C.,383924,232413
2021-08-21,Bogotá D.C.,387518,234918
2021-08-22,Bogotá D.C.,391153,237415
2021-08-23,Bogotá D.C.,394340,239433
2021-08-24,Bogotá D.C.,397880,242318
2021-08-25,Bogotá D.C.,400880,243536
2021-08-26,Bogotá D.C.,403939,245167
2021-08-27,Bogotá D.C.,407695,247108
2021-08-28,Bogotá D.C.,411551,248717
2021-08-29,Bogotá D.C.,415164,251230
2021-08-30,Bogotá D.C.,418104,252425
2021-08-31,Bogotá D.C.,420974,254498
2021-09-01,Bogotá D.C.,422891,255564
2021-09-02,Bogotá D.C.,426125,257186
2021-09-03,Bogotá D.C.,428736,258680
2021-09-04,Bogotá D.C.,432041,260814
2021-09-05,Bogotá D.C.,433760,261492
2021-09-06,Bogotá D.C.,437749,264211
2021-09-07,Bogotá D.C.,441258,265877
2021-09-08,Bogotá D.C.,444353,267746
2021-09-09,Bogotá D.C.,448426,270415
2021-09-10,Bogotá D.C.,451276,272102
2021-09-11,Bogotá D.C.,455226,275074
2021-09-12,Bogotá D.C.,459817,277442
2021-09-13,Bogotá D.C.,464436,280247
2021-09-14,Bogotá D.C.,469353,283179
2021-09-15,Bogotá D.C.,474189,286894
2021-09-16,Bogotá D.C.,476585,288198
2021-09-17,Bogotá D.C.,479402,290128
2021-09-18,Bogotá D.C.,483277,292789
2021-09-19,Bogotá D.C.,487115,294953
2021-09-20,Bogotá D.C.,490288,296843
2021-09-21,Bogotá D.C.,494807,299266
2021-09-22,Bogotá D.C.,497991,300890
2021-09-23,Bogotá D.C.,501270,302834
2021-09-24,Bogotá D.C.,505039,304688
2021-09-25,Bogotá D.C.,509211,307711
2021-09-26,Bogotá D.C.,512604,309831
2021-09-27,Bogotá D.C.,517100,312038
2021-09-28,Bogotá D.C.,520583,313702
2021-09-29,Bogotá D.C.,522275,315000
2021-09-30,Bogotá D.C.,524007,316039
2021-10-01,Bogotá D.C.,530218,319336
2021-10-02,Bogotá D.C.,534045,321932
2021-10-03,Bogotá D.C.,537985,323980
2021-10-04,Bogotá D.C.,540574,325254
2021-10-05,Bogotá D.C.,543681,326847
2021-10-06,Bogotá D.C.,547743,329100
2021-10-07,Bogotá D.C.,552106,331475
2021-10-08,Bogotá D.C.,555450,333449
2021-10-09,Bogotá D.C.,559238,335762
2021-10-10,Bogotá D.C.,562587,337877
2021-10-11,Bogotá D.C.,566282,339967
2021-10-12,Bogotá D.C.,571378,343372
2021-10-13,Bogotá D.C.,575065,345382
2021-10-14,Bogotá D.C.,579074,347926
2021-10-15,Bogotá D.C.,583264,349710
2021-10-16,Bogotá D.C.,587038,351517
2021-10-17,Bogotá D.C.,591137,354411
2021-10-18,Bogotá D.C.,594299,356015
2021-10-19,Bogotá D.C.,597363,357866
2021-10-20,Bogotá D.C.,600163,359424
2021-10-21,Bogotá D.C.,602610,360494
2021-10-22,Bogotá D.C.,606471,362657
2021-10-23,Bogotá D.C.,609406,364427
2021-10-24,Bogotá D.C.,613700,367123
2021-10-25,Bogotá D.C.,617892,370188
2021-10-26,Bogotá D.C.,620945,372274
2021-10-27,Bogotá D.C.,625647,375280
2021-10-28,Bogotá D.C.,629685,377311
2021-10-29,Bogotá D.C.,633076,379429
2021-10-30,Bogotá D.C.,638288,382863
2021-10-31,Bogotá D.C.,641824,384726
2021-11-01,Bogotá D.C.,645009,386342
2021-11-02,Bogotá D.C.,650528,390038
2021-11-03,Bogotá D.C.,655337,392733
2021-11-04,Bogotá D.C.,658310,394614
2021-11-05,Bogotá D.C.,659554,395244
2021-11-06,Bogotá D.C.,664297,398726
2021-11-07,Bogotá D.C.,668291,401019
2021-11-08,Bogotá D.C.,672504,403988
2021-11-09,Bogotá D.C.,675765,405733
2021-11-10,Bogotá D.C.,681151,410266
2021-11-11,Bogotá D.C.,686316,413964
2021-11-12,Bogotá D.C.,691466,416058
2021-11-13,Bogotá D.C.,695354,418688
2021-11-14,Bogotá D.C.,699067,420608
2021-11-15,Bogotá D.C.,702451,422650
2021-11-16,Bogotá D.C.,706660,425810
2021-11-17,Bogotá D.C.,710898,429323
2021-11-18,Bogotá D.C.,714445,431464
2021-11-19,Bogotá D.C.,717600,433699
2021-11-20,Bogotá D.C.,721632,436066
2021-11-21,Bogotá D.C.,726440,438914
2021-11-22,Bogotá D.C.,729822,441114
2021-11-23,Bogotá D.C.,733762,443414
2021-11-24,Bogotá D.C.,737701,446286
2021-11-25,Bogotá D.C.,742613,449416
2021-11-26,Bogotá D.C.,747274,452642
2021-11-27,Bogotá D.C.,751797,456129
2021-11-28,Bogotá D.C.,755967,458601
2021-11-29,Bogotá D.C.,760472,461606
2021-11-30,Bogotá D.C.,763303,463324
2021-12-01,Bogotá D.C.,768035,465638
2021-12-02,Bogotá D.C.,772251,468062
2021-12-03,Bogotá D.C.,775893,470522
2021-12-04,Bogotá D.C.,779567,472313
2021-12-05,Bogotá D.C.,785250,475346
2021-12-06,Bogotá D.C.,789056,478249
2021-12-07,Bogotá D.C.,793631,480274
2021-12-08,Bogotá D.C.,798756,483748
2021-12-09,Bogotá D.C.,801755,485595
2021-12-10,Bogotá D.C.,805127,487877
2021-12-11,Bogotá D.C.,810214,490967
2021-12-12,Bogotá D.C.,816075,494969
2021-12-13,Bogotá D.C.,821015,497503
2021-12-14,Bogotá D.C.,824563,499243
2021-12-15,Bogotá D.C.,829528,503123
2021-12-16,Bogotá D.C.,833814,505721
2021-12-17,Bogotá D.C.,837963,508969
2021-12-18,Bogotá D.C.,843951,511969
2021-12-19,Bogotá D.C.,847326,514127
2021-12-20,Bogotá D.C.,851880,516396
2021-12-21,Bogotá D.C.,856263,518748
2021-12-22,Bogotá D.C.,860588,520952
2021-12-23,Bogotá D.C.,864214,523111
2021-12-24,Bogotá D.C.,868450,526131
2021-12-25,Bogotá D.C.,873393,527676
2021-12-26,Bogotá D.C.,877795,530492
2021-12-27,Bogotá D.C.,882381,534190
2021-12-28,Bogotá D.C.,887209,537158
2021-12-29,Bogotá D.C.,891319,539825
2021-12-30,Bogotá D.C.,895320,541932
2021-12-31,Bogotá D.C.,899590,545074
2022-01-01,Bogotá D.C.,906210,548768
2022-01-02,Bogotá D.C.,910499,551642
2022-01-03,Bogotá D.C.,915693,555757
2022-01-04,Bogotá D.C.,921560,559627
2022-01-05,Bogotá D.C.,926447,562911
2022-01-06,Bogotá D.C.,932576,565937
2022-01-07,Bogotá D.C.,936748,568326
2022-01-08,Bogotá D.C.,940606,570719
2022-01-09,Bogotá D.C.,944999,572709
2022-01-10,Bogotá D.C.,950298,576454
2022-01-11,Bogotá D.C.,953915,577867
2022-01-12,Bogotá D.C.,958525,580561
2022-01-13,Bogotá D.C.,963051,583282
2022-01-14,Bogotá D.C.,967486,586230
2022-01-15,Bogotá D.C.,971643,587980
2022-01-16,Bogotá D.C.,977096,591173
2022-01-17,Bogotá D.C.,981453,593089
2022-01-18,Bogotá D.C.,986840,596091
2022-01-19,Bogotá D.C.,991352,598499
2022-01-20,Bogotá D.C.,996107,601728
2022-01-21,Bogotá D.C.,1002487,605026
2022-01-22,Bogotá D.C.,1007631,608091
2022-01-23,Bogotá D.C.,1012835,610970
2022-01-24,Bogotá D.C.,1020195,615626
2022-01-25,Bogotá D.C.,1024009,617897
2022-01-26,Bogotá D.C.,1029196,621392
2022-01-27,Bogotá D.C.,1035063,624859
2022-01-28,Bogotá D.C.,1040770,629242
2022-01-29,Bogotá D.C.,1047047,632706
2022-01-30,Bogotá D.C.,1051819,636102
2022-01-31,Bogotá D.C.,1056133,638547
2022-02-01,Bogotá D.C.,1060890,641157
2022-02-02,Bogotá D.C.,1065707,644194
2022-02-03,Bogotá D.C.,1070775,646490
2022-02-04,Bogotá D.C.,1074770,649367
2022-02-05,Bogotá D.C.,1081218,652710
2022-02-06,Bogotá D.C.,1086863,656473
2022-02-07,Bogotá D.C.,1089960,658677
2022-02-08,Bogotá D.C.,1094205,661761
2022-02-09,Bogotá D.C.,1099199,663477
2022-02-10,Bogotá D.C.,1104082,666613
2022-02-11,Bogotá D.C.,1109543,669130
2022-02-12,Bogotá D.C.,1113678,671186
2022-02-13,Bogotá D.C.,1117619,673301
2022-02-14,Bogotá D.C.,1123754,675857
2022-02-15,Bogotá D.C.,1128669,679432
2022-02-16,Bogotá D.C.,1132108,681239
2022-02-17,Bogotá D.C.,1137523,685361
2022-02-18,Bogotá D.C.,1141841,688178
2022-02-19,Bogotá D.C.,1146144,690591
2022-02-20,Bogotá D.C.,1151110,693161
2022-02-21,Bogotá D.C.,1157620,695311
2022-02-22,Bogotá D.C.,1164775,699782
2022-02-23,Bogotá D.C.,1168874,702595
2022-02-24,Bogotá D.C.,1175950,706427
2022-02-25,Bogotá D.C.,1181265,709852
2022-02-26,Bogotá D.C.,1185911,711840
2022-02-27,Bogotá D.C.,1191988,715337
2022-02-28,Bogotá D.C.,1195965,717721
2022-03-01,Bogotá D.C.,1201631,720539
2022-03-02,Bogotá D.C.,1206961,723491
2022-03-03,Bogotá D.C.,1210242,725278
2022-03-04,Bogotá D.C.,1214272,728054
2022-03-05,Bogotá D.C.,1218181,729973
2022-03-06,Bogotá D.C.,1223586,733441
2022-03-07,Bogotá D.C.,1227196,735258
2022-03-08,Bogotá D.C.,1231979,738318
2022-03-09,Bogotá D.C.,1238810,743401
2022-03-10,Bogotá D.C.,1245288,746980
2022-03-11,Bogotá D.C.,1253016,751585
2022-03-12,Bogotá D.C.,1258967,755101
2022-03-13,Bogotá D.C.,1265225,758120
2022-03-14,Bogotá D.C.,1269844,760707
2022-03-15,Bogotá D.C.,1275841,764857
2022-03-16,Bogotá D.C.,1280716,768003
2022-03-17,Bogotá D.C.,1287204,772139
2022-03-18,Bogotá D.C.,1292477,775659
2022-03-19,Bogotá D.C.,1297001,778548
2022-03-20,Bogotá D.C.,1303766,781583
2022-03-21,Bogotá D.C.,1309119,785479
2022-03-22,Bogotá D.C.,1314620,789389
2022-03-23,Bogotá D.C.,1319118,791472
2022-03-24,Bogotá D.C.,1326820,795922
2022-03-25,Bogotá D.C.,1331628,798605
2022-03-26,Bogotá D.C.,1334349,800335
2022-03-27,Bogotá D.C.,1340693,804212
2022-03-28,Bogotá D.C.,1344971,807034
2022-03-29,Bogotá D.C.,1350993,811441
2022-03-30,Bogotá D.C.,1356539,815856
2022-03-31,Bogotá D.C.,1362479,818122
2022-04-01,Bogotá D.C.,1369035,822605
2022-04-02,Bogotá D.C.,1376568,826412
2022-04-03,Bogotá D.C.,1381008,828805
2022-04-04,Bogotá D.C.,1386051,831721
2022-04-05,Bogotá D.C.,1390585,834951
2022-04-06,Bogotá D.C.,1396133,837244
2022-04-07,Bogotá D.C.,1402097,840059
2022-04-08,Bogotá D.C.,1408692,844469
2022-04-09,Bogotá D.C.,1413992,847909
2022-04-10,Bogotá D.C.,1418791,851319
2022-04-11,Bogotá D.C.,1421481,853006
2022-04-12,Bogotá D.C.,1426452,855636
2022-04-13,Bogotá D.C.,1433072,858637
2022-04-14,Bogotá D.C.,1438735,861621
2022-04-15,Bogotá D.C.,1444764,865165
2022-04-16,Bogotá D.C.,1453208,870450
2022-04-17,Bogotá D.C.,1458948,873424
2022-04-18,Bogotá D.C.,1466312,877898
2022-04-19,Bogotá D.C.,1471279,881601
2022-04-20,Bogotá D.C.,1476678,884909
2022-04-21,Bogotá D.C.,1482776,888003
2022-04-22,Bogotá D.C.,1489119,891324
2022-04-23,Bogotá D.C.,1493661,894769
2022-04-24,Bogotá D.C.,1501043,899183
2022-04-25,Bogotá D.C.,1507117,903173
2022-04-26,Bogotá D.C.,1513462,907708
2022-04-27,Bogotá D.C.,1518865,911816
2022-04-28,Bogotá D.C.,1524450,915019
2022-04-29,Bogotá D.C.,1528475,917886
2022-04-30,Bogotá D.C.,1533741,921740
2022-05-01,Bogotá D.C.,1540492,925576
2022-05-02,Bogotá D.C.,1547861,929771
2022-05-03,Bogotá D.C.,1553322,933155
2022-05-04,Bogotá D.C.,1559792,937613
2022-05-05,Bogotá D.C.,1564655,940830
2022-05-06,Bogotá D.C.,1570071,945534
2022-05-07,Bogotá D.C.,1576718,948798
2022-05-08,Bogotá D.C.,1583874,952316
2022-05-09,Bogotá D.C.,1589582,956095
2022-05-10,Bogotá D.C.,1597021,960339
2022-05-11,Bogotá D.C.,1601975,963288
2022-05-12,Bogotá D.C.,1610138,969002
2022-05-13,Bogotá D.C.,1615581,972251
2022-05-14,Bogotá D.C.,1620295,976028
2022-05-15,Bogotá D.C.,1626326,978989
2022-05-16,Bogotá D.C.,1631976,981777
2022-05-17,Bogotá D.C.,1637560,985064
2022-05-18,Bogotá D.C.,1644925,989690
2022-05-19,Bogotá D.C.,1650492,992984
2022-05-20,Bogotá D.C.,1655406,995948
2022-05-21,Bogotá D.C.,1661025,999033
2022-05-22,Bogotá D.C.,1665208,1002278
2022-05-23,Bogotá D.C.,1672438,1007868
2022-05-24,Bogotá D.C.,1679762,1011686
2022-05-25,Bogotá D.C.,1684445,1015125
2022-05-26,Bogotá D.C.,1690954,1017466
2022-05-27,Bogotá D.C.,1697493,1020978
2022-05-28,Bogotá D.C.,1703212,1025956
2022-05-29,Bogotá D.C.,1709441,1029704
2022-05-30,Bogotá D.C.,1716389,1032598
2022-05-31,Bogotá D.C.,1721419,1035997
2022-06-01,Bogotá D.C.,1728858,1041597
2022-06-02,Bogotá D.C.,1738506,1047630
2022-06-03,Bogotá D.C.,1744037,1051699
2022-06-04,Bogotá D.C.,1748634,1054607
2022-06-05,Bogotá D.C.,1755753,1058927
2022-06-06,Bogotá D.C.,1762281,1062299
2022-06-07,Bogotá D.C.,1768582,1066665
2022-06-08,Bogotá D.C.,1776059,1070962
2022-06-09,Bogotá D.C.,1783577,1075731
2022-06-10,Bogotá D.C.,1790971,1080722
2022-06-11,Bogotá D.C.,1797768,1085307
2022-06-12,Bogotá D.C.,1804460,1089549
2022-06-13,Bogotá D.C.,1811504,1092947
2022-06-14,Bogotá D.C.,1818568,1096268
2022-06-15,Bogotá D.C.,1825252,1101059
2022-06-16,Bogotá D.C.,1831515,1104695
2022-06-17,Bogotá D.C.,1838526,1109044
2022-06-18,Bogotá D.C.,1843865,1113037
2020-03-01,Medellín,0,0
2020-03-02,Medellín,0,0
2020-03-03,Medellín,0,0
2020-03-04,Medellín,0,0
2020-03-05,Medellín,0,0
2020-03-06,Medellín,0,0
2020-03-07,Medellín,0,0
2020-03-08,Medellín,0,0
2020-03-09,Medellín,0,0
2020-03-10,Medellín,0,0
2020-03-11,Medellín,0,0
2020-03-12,Medellín,0,0
2020-03-13,Medellín,0,0
2020-03-14,Medellín,0,0
2020-03-15,Medellín,0,0
2020-03-16,Medellín,0,0
2020-03-17,Medellín,0,0
2020-03-18,Medellín,0,0
2020-03-19,Medellín,0,0
2020-03-20,Medellín,0,0
2020-03-21,Medellín,0,0
2020-03-22,Medellín,0,0
2020-03-23,Medellín,0,0
2020-03-24,Medellín,0,0
2020-03-25,Medellín,0,0
2020-03-26,Medellín,0,0
2020-03-27,Medellín,0,0
2020-03-28,Medellín,0,0
2020-03-29,Medellín,0,0
2020-03-30,Medellín,0,0
2020-03-31,Medellín,0,0
2020-04-01,Medellín,0,0
2020-04-02,Medellín,0,0
2020-04-03,Medellín,0,0
2020-04-04,Medellín,0,0
2020-04-05,Medellín,0,0
2020-04-06,Medellín,0,0
2020-04-07,Medellín,0,0
2020-04-08,Medellín,0,0
2020-04-09,Medellín,0,0
2020-04-10,Medellín,0,0
2020-04-11,Medellín,0,0
2020-04-12,Medellín,0,0
2020-04-13,Medellín,0,0
2020-04-14,Medellín,0,0
2020-04-15,Medellín,0,0
2020-04-16,Medellín,0,0
2020-04-17,Medellín,0,0
2020-04-18,Medellín,0,0
2020-04-19,Medellín,0,0
2020-04-20,Medellín,0,0
2020-04-21,Medellín,0,0
2020-04-22,Medellín,0,0
2020-04-23,Medellín,0,0
2020-04-24,Medellín,0,0
2020-04-25,Medellín,0,0
2020-04-26,Medellín,0,0
2020-04-27,Medellín,0,0
2020-04-28,Medellín,0,0
2020-04-29,Medellín,0,0
2020-04-30,Medellín,0,0
2020-05-01,Medellín,0,0
2020-05-02,Medellín,0,0
2020-05-03,Medellín,0,0
2020-05-04,Medellín,0,0
2020-05-05,Medellín,0,0
2020-05-06,Medellín,0,0
2020-05-07,Medellín,0,0
2020-05-08,Medellín,0,0
2020-05-09,Medellín,0,0
2020-05-10,Medellín,0,0
2020-05-11,Medellín,0,0
2020-05-12,Medellín,0,0
2020-05-13,Medellín,0,0
2020-05-14,Medellín,0,0
2020-05-15,Medellín,0,0
2020-05-16,Medellín,0,0
2020-05-17,Medellín,0,0
2020-05-18,Medellín,0,0
2020-05-19,Medellín,0,0
2020-05-20,Medellín,0,0
2020-05-21,Medellín,0,0
2020-05-22,Medellín,0,0
2020-05-23,Medellín,0,0
2020-05-24,Medellín,0,0
2020-05-25,Medellín,0,0
2020-05-26,Medellín,0,0
2020-05-27,Medellín,0,0
2020-05-28,Medellín,0,0
2020-05-29,Medellín,0,0
2020-05-30,Medellín,0,0
2020-05-31,Medellín,0,0
2020-06-01,Medellín,0,0
2020-06-02,Medellín,0,0
2020-06-03,Medellín,0,0
2020-06-04,Medellín,0,0
2020-06-05,Medellín,0,0
2020-06-06,Medellín,0,0
2020-06-07,Medellín,0,0
2020-06-08,Medellín,0,0
2020-06-09,Medellín,0,0
2020-06-10,Medellín,0,0
2020-06-11,Medellín,0,0
2020-06-12,Medellín,0,0
2020-06-13,Medellín,0,0
2020-06-14,Medellín,0,0
2020-06-15,Medellín,0,0
2020-06-16,Medellín,0,0
2020-06-17,Medellín,0,0
2020-06-18,Medellín,0,0
2020-06-19,Medellín,0,0
2020-06-20,Medellín,0,0
2020-06-21,Medellín,0,0
2020-06-22,Medellín,0,0
2020-06-23,Medellín,0,0
2020-06-24,Medellín,0,0
2020-06-25,Medellín,0,0
2020-06-26,Medellín,0,0
2020-06-27,Medellín,0,0
2020-06-28,Medellín,0,0
2020-06-29,Medellín,0,0
2020-06-30,Medellín,0,0
2020-07-01,Medellín,0,0
2020-07-02,Medellín,0,0
2020-07-03,Medellín,0,0
2020-07-04,Medellín,0,0
2020-07-05,Medellín,0,0
2020-07-06,Medellín,0,0
2020-07-07,Medellín,0,0
2020-07-08,Medellín,0,0
2020-07-09,Medellín,0,0
2020-07-10,Medellín,0,0
2020-07-11,Medellín,0,0
2020-07-12,Medellín,0,0
2020-07-13,Medellín,0,0
2020-07-14,Medellín,0,0
2020-07-15,Medellín,0,0
2020-07-16,Medellín,0,0
2020-07-17,Medellín,0,0
2020-07-18,Medellín,0,0
2020-07-19,Medellín,0,0
2020-07-20,Medellín,0,0
2020-07-21,Medellín,0,0
2020-07-22,Medellín,0,0
2020-07-23,Medellín,0,0
2020-07-24,Medellín,0,0
2020-07-25,Medellín,0,0
2020-07-26,Medellín,0,0
2020-07-27,Medellín,0,0
2020-07-28,Medellín,0,0
2020-07-29,Medellín,0,0
2020-07-30,Medellín,0,0
2020-07-31,Medellín,0,0
2020-08-01,Medellín,0,0
2020-08-02,Medellín,0,0
2020-08-03,Medellín,0,0
2020-08-04,Medellín,0,0
2020-08-05,Medellín,0,0
2020-08-06,Medellín,0,0
2020-08-07,Medellín,0,0
2020-08-08,Medellín,0,0
2020-08-09,Medellín,0,0
2020-08-10,Medellín,0,0
2020-08-11,Medellín,0,0
2020-08-12,Medellín,0,0
2020-08-13,Medellín,0,0
2020-08-14,Medellín,0,0
2020-08-15,Medellín,0,0
2020-08-16,Medellín,0,0
2020-08-17,Medellín,0,0
2020-08-18,Medellín,0,0
2020-08-19,Medellín,0,0
2020-08-20,Medellín,0,0
2020-08-21,Medellín,0,0
2020-08-22,Medellín,0,0
2020-08-23,Medellín,0,0
2020-08-24,Medellín,0,0
2020-08-25,Medellín,0,0
2020-08-26,Medellín,0,0
2020-08-27,Medellín,0,0
2020-08-28,Medellín,0,0
2020-08-29,Medellín,0,0
2020-08-30,Medellín,0,0
2020-08-31,Medellín,0,0
2020-09-01,Medellín,0,0
2020-09-02,Medellín,0,0
2020-09-03,Medellín,0,0
2020-09-04,Medellín,0,0
2020-09-05,Medellín,0,0
2020-09-06,Medellín,0,0
2020-09-07,Medellín,0,0
2020-09-08,Medellín,0,0
2020-09-09,Medellín,0,0
2020-09-10,Medellín,0,0
2020-09-11,Medellín,0,0
2020-09-12,Medellín,0,0
2020-09-13,Medellín,0,0
2020-09-14,Medellín,0,0
2020-09-15,Medellín,0,0
2020-09-16,Medellín,0,0
2020-09-17,Medellín,0,0
2020-09-18,Medellín,0,0
2020-09-19,Medellín,0,0
2020-09-20,Medellín,0,0
2020-09-21,Medellín,0,0
2020-09-22,Medellín,0,0
2020-09-23,Medellín,0,0
2020-09-24,Medellín,0,0
2020-09-25,Medellín,0,0
2020-09-26,Medellín,0,0
2020-09-27,Medellín,0,0
2020-09-28,Medellín,0,0
2020-09-29,Medellín,0,0
2020-09-30,Medellín,0,0
2020-10-01,Medellín,0,0
2020-10-02,Medellín,0,0
2020-10-03,Medellín,0,0
2020-10-04,Medellín,0,0
2020-10-05,Medellín,0,0
2020-10-06,Medellín,0,0
2020-10-07,Medellín,0,0
2020-10-08,Medellín,0,0
2020-10-09,Medellín,0,0
2020-10-10,Medellín,0,0
2020-10-11,Medellín,0,0
2020-10-12,Medellín,0,0
2020-10-13,Medellín,0,0
2020-10-14,Medellín,0,0
2020-10-15,Medellín,0,0
2020-10-16,Medellín,0,0
2020-10-17,Medellín,0,0
2020-10-18,Medellín,0,0
2020-10-19,Medellín,0,0
2020-10-20,Medellín,0,0
2020-10-21,Medellín,0,0
2020-10-22,Medellín,0,0
2020-10-23,Medellín,0,0
2020-10-24,Medellín,0,0
2020-10-25,Medellín,0,0
2020-10-26,Medellín,0,0
2020-10-27,Medellín,0,0
2020-10-28,Medellín,0,0
2020-10-29,Medellín,0,0
2020-10-30,Medellín,0,0
2020-10-31,Medellín,0,0
2020-11-01,Medellín,0,0
2020-11-02,Medellín,0,0
2020-11-03,Medellín,0,0
2020-11-04,Medellín,0,0
2020-11-05,Medellín,0,0
2020-11-06,Medellín,0,0
2020-11-07,Medellín,0,0
2020-11-08,Medellín,0,0
2020-11-09,Medellín,0,0
2020-11-10,Medellín,0,0
2020-11-11,Medellín,0,0
2020-11-12,Medellín,0,0
2020-11-13,Medellín,0,0
2020-11-14,Medellín,0,0
2020-11-15,Medellín,0,0
2020-11-16,Medellín,0,0
2020-11-17,Medellín,0,0
2020-11-18,Medellín,0,0
2020-11-19,Medellín,0,0
2020-11-20,Medellín,0,0
2020-11-21,Medellín,0,0
2020-11-22,Medellín,0,0
2020-11-23,Medellín,0,0
2020-11-24,Medellín,0,0
2020-11-25,Medellín,0,0
2020-11-26,Medellín,0,0
2020-11-27,Medellín,0,0
2020-11-28,Medellín,0,0
2020-11-29,Medellín,0,0
2020-11-30,Medellín,0,0
2020-12-01,Medellín,0,0
2020-12-02,Medellín,0,0
2020-12-03,Medellín,0,0
2020-12-04,Medellín,0,0
2020-12-05,Medellín,0,0
2020-12-06,Medellín,0,0
2020-12-07,Medellín,0,0
2020-12-08,Medellín,0,0
2020-12-09,Medellín,0,0
2020-12-10,Medellín,0,0
2020-12-11,Medellín,0,0
2020-12-12,Medellín,0,0
2020-12-13,Medellín,0,0
2020-12-14,Medellín,0,0
2020-12-15,Medellín,0,0
2020-12-16,Medellín,0,0
2020-12-17,Medellín,0,0
2020-12-18,Medellín,0,0
2020-12-19,Medellín,0,0
2020-12-20,Medellín,0,0
2020-12-21,Medellín,0,0
2020-12-22,Medellín,0,0
2020-12-23,Medellín,0,0
2020-12-24,Medellín,0,0
2020-12-25,Medellín,0,0
2020-12-26,Medellín,0,0
2020-12-27,Medellín,0,0
2020-12-28,Medellín,0,0
2020-12-29,Medellín,0,0
2020-12-30,Medellín,0,0
2020-12-31,Medellín,0,0
2021-01-01,Medellín,0,0
2021-01-02,Medellín,0,0
2021-01-03,Medellín,0,0
2021-01-04,Medellín,0,0
2021-01-05,Medellín,0,0
2021-01-06,Medellín,0,0
2021-01-07,Medellín,0,0
2021-01-08,Medellín,0,0
2021-01-09,Medellín,0,0
2021-01-10,Medellín,0,0
2021-01-11,Medellín,0,0
2021-01-12,Medellín,0,0
2021-01-13,Medellín,0,0
2021-01-14,Medellín,0,0
2021-01-15,Medellín,0,0
2021-01-16,Medellín,0,0
2021-01-17,Medellín,0,0
2021-01-18,Medellín,0,0
2021-01-19,Medellín,0,0
2021-01-20,Medellín,0,0
2021-01-21,Medellín,0,0
2021-01-22,Medellín,0,0
2021-01-23,Medellín,0,0
2021-01-24,Medellín,0,0
2021-01-25,Medellín,0,0
2021-01-26,Medellín,0,0
2021-01-27,Medellín,0,0
2021-01-28,Medellín,0,0
2021-01-29,Medellín,0,0
2021-01-30,Medellín,0,0
2021-01-31,Medellín,0,0
2021-02-01,Medellín,0,0
2021-02-02,Medellín,0,0
2021-02-03,Medellín,0,0
2021-02-04,Medellín,0,0
2021-02-05,Medellín,0,0
2021-02-06,Medellín,0,0
2021-02-07,Medellín,0,0
2021-02-08,Medellín,0,0
2021-02-09,Medellín,0,0
2021-02-10,Medellín,0,0
2021-02-11,Medellín,0,0
2021-02-12,Medellín,0,0
2021-02-13,Medellín,0,0
2021-02-14,Medellín,0,0
2021-02-15,Medellín,0,0
2021-02-16,Medellín,0,0
2021-02-17,Medellín,225,113
2021-02-18,Medellín,598,325
2021-02-19,Medellín,851,497
2021-02-20,Medellín,1133,653
2021-02-21,Medellín,1422,830
2021-02-22,Medellín,1707,1010
2021-02-23,Medellín,2064,1256
2021-02-24,Medellín,2388,1399
2021-02-25,Medellín,2683,1549
2021-02-26,Medellín,2957,1719
2021-02-27,Medellín,3299,1993
2021-02-28,Medellín,3771,2327
2021-03-01,Medellín,4119,2540
2021-03-02,Medellín,4597,2780
2021-03-03,Medellín,5037,2988
2021-03-04,Medellín,5425,3205
2021-03-05,Medellín,5675,3353
2021-03-06,Medellín,6153,3542
2021-03-07,Medellín,6457,3733
2021-03-08,Medellín,6825,3973
2021-03-09,Medellín,7229,4208
2021-03-10,Medellín,7563,4399
2021-03-11,Medellín,8068,4702
2021-03-12,Medellín,8575,5093
2021-03-13,Medellín,8925,5269
2021-03-14,Medellín,9273,5512
2021-03-15,Medellín,9753,5783
2021-03-16,Medellín,10205,6089
2021-03-17,Medellín,10715,6373
2021-03-18,Medellín,11217,6651
2021-03-19,Medellín,11755,7000
2021-03-20,Medellín,12347,7331
2021-03-21,Medellín,12773,7549
2021-03-22,Medellín,13180,7837
2021-03-23,Medellín,13741,8147
2021-03-24,Medellín,14059,8361
2021-03-25,Medellín,14673,8730
2021-03-26,Medellín,15187,9042
2021-03-27,Medellín,15561,9220
2021-03-28,Medellín,15968,9474
2021-03-29,Medellín,16456,9743
2021-03-30,Medellín,16987,10157
2021-03-31,Medellín,17506,10527
2021-04-01,Medellín,17882,10744
2021-04-02,Medellín,18457,11064
2021-04-03,Medellín,18923,11384
2021-04-04,Medellín,19564,11812
2021-04-05,Medellín,20001,12015
2021-04-06,Medellín,20476,12391
2021-04-07,Medellín,20922,12651
2021-04-08,Medellín,21573,12929
2021-04-09,Medellín,22012,13117
2021-04-10,Medellín,22596,13385
2021-04-11,Medellín,23144,13634
2021-04-12,Medellín,23817,14015
2021-04-13,Medellín,24371,14350
2021-04-14,Medellín,24854,14700
2021-04-15,Medellín,25357,15082
2021-04-16,Medellín,25965,15411
2021-04-17,Medellín,26628,15810
2021-04-18,Medellín,27014,16032
2021-04-19,Medellín,27527,16415
2021-04-20,Medellín,28096,16726
2021-04-21,Medellín,28704,17200
2021-04-22,Medellín,29361,17515
2021-04-23,Medellín,29900,17909
2021-04-24,Medellín,30385,18251
2021-04-25,Medellín,30792,18479
2021-04-26,Medellín,31297,18633
2021-04-27,Medellín,31920,19012
2021-04-28,Medellín,32477,19394
2021-04-29,Medellín,33337,19908
2021-04-30,Medellín,33691,20174
2021-05-01,Medellín,34206,20544
2021-05-02,Medellín,34872,20902
2021-05-03,Medellín,35495,21206
2021-05-04,Medellín,36169,21571
2021-05-05,Medellín,36985,21908
2021-05-06,Medellín,37596,22302
2021-05-07,Medellín,38273,22693
2021-05-08,Medellín,39000,23096
2021-05-09,Medellín,39755,23497
2021-05-10,Medellín,40431,23947
2021-05-11,Medellín,40963,24194
2021-05-12,Medellín,41650,24596
2021-05-13,Medellín,41865,24704
2021-05-14,Medellín,42461,25015
2021-05-15,Medellín,43052,25377
2021-05-16,Medellín,43580,25628
2021-05-17,Medellín,44286,26023
2021-05-18,Medellín,44970,26453
2021-05-19,Medellín,45472,26803
2021-05-20,Medellín,46229,27228
2021-05-21,Medellín,46812,27602
2021-05-22,Medellín,47447,28054
2021-05-23,Medellín,48103,28587
2021-05-24,Medellín,48766,28930
2021-05-25,Medellín,49597,29452
2021-05-26,Medellín,50207,29828
2021-05-27,Medellín,50988,30266
2021-05-28,Medellín,51610,30593
2021-05-29,Medellín,52423,30980
2021-05-30,Medellín,53156,31466
2021-05-31,Medellín,53969,31889
2021-06-01,Medellín,54621,32285
2021-06-02,Medellín,55436,32720
2021-06-03,Medellín,56250,33195
2021-06-04,Medellín,56925,33710
2021-06-05,Medellín,57407,33976
2021-06-06,Medellín,58449,34524
2021-06-07,Medellín,59140,34901
2021-06-08,Medellín,60170,35647
2021-06-09,Medellín,60706,35987
2021-06-10,Medellín,61360,36460
2021-06-11,Medellín,62279,37011
2021-06-12,Medellín,62871,37320
2021-06-13,Medellín,63545,37848
2021-06-14,Medellín,64666,38323
2021-06-15,Medellín,65288,38678
2021-06-16,Medellín,66128,39154
2021-06-17,Medellín,66602,39457
2021-06-18,Medellín,67492,40025
2021-06-19,Medellín,67975,40383
2021-06-20,Medellín,68865,40851
2021-06-21,Medellín,69501,41208
2021-06-22,Medellín,70030,41529
2021-06-23,Medellín,70951,42058
2021-06-24,Medellín,71604,42334
2021-06-25,Medellín,72196,42711
2021-06-26,Medellín,73186,43428
2021-06-27,Medellín,74056,43917
2021-06-28,Medellín,74969,44560
2021-06-29,Medellín,76086,45239
2021-06-30,Medellín,76696,45614
2021-07-01,Medellín,77341,45965
2021-07-02,Medellín,78200,46414
2021-07-03,Medellín,78917,46778
2021-07-04,Medellín,79931,47360
2021-07-05,Medellín,80858,47845
2021-07-06,Medellín,81597,48341
2021-07-07,Medellín,82553,48889
2021-07-08,Medellín,83250,49400
2021-07-09,Medellín,84338,50146
2021-07-10,Medellín,85462,50777
2021-07-11,Medellín,86144,51247
2021-07-12,Medellín,86968,51725
2021-07-13,Medellín,87511,52050
2021-07-14,Medellín,88557,52710
2021-07-15,Medellín,89514,53266
2021-07-16,Medellín,90378,53820
2021-07-17,Medellín,91559,54441
2021-07-18,Medellín,92392,55035
2021-07-19,Medellín,93292,55676
2021-07-20,Medellín,94222,56230
2021-07-21,Medellín,95096,56715
2021-07-22,Medellín,95813,57132
2021-07-23,Medellín,96677,57629
2021-07-24,Medellín,97471,58057
2021-07-25,Medellín,98045,58421
2021-07-26,Medellín,99096,59041
2021-07-27,Medellín,99864,59513
2021-07-28,Medellín,100654,60010
2021-07-29,Medellín,101509,60650
2021-07-30,Medellín,102443,61223
2021-07-31,Medellín,103370,61726
2021-08-01,Medellín,104339,62311
2021-08-02,Medellín,105340,62924
2021-08-03,Medellín,106297,63644
2021-08-04,Medellín,106881,63925
2021-08-05,Medellín,108000,64716
2021-08-06,Medellín,108835,65068
2021-08-07,Medellín,109998,65709
2021-08-08,Medellín,111414,66662
2021-08-09,Medellín,112261,67264
2021-08-10,Medellín,113188,67759
2021-08-11,Medellín,114525,68572
2021-08-12,Medellín,115743,69395
2021-08-13,Medellín,117148,70262
2021-08-14,Medellín,118746,71183
2021-08-15,Medellín,119998,71795
2021-08-16,Medellín,121158,72337
2021-08-17,Medellín,121992,72846
2021-08-18,Medellín,123274,73788
2021-08-19,Medellín,124142,74317
2021-08-20,Medellín,124645,74565
2021-08-21,Medellín,125351,75036
2021-08-22,Medellín,126593,75891
2021-08-23,Medellín,127458,76291
2021-08-24,Medellín,128596,76976
2021-08-25,Medellín,129435,77642
2021-08-26,Medellín,130279,78089
2021-08-27,Medellín,131331,78808
2021-08-28,Medellín,132096,79148
2021-08-29,Medellín,133304,79949
2021-08-30,Medellín,134417,80676
2021-08-31,Medellín,135537,81382
2021-09-01,Medellín,136393,81909
2021-09-02,Medellín,137285,82326
2021-09-03,Medellín,138080,82855
2021-09-04,Medellín,138996,83387
2021-09-05,Medellín,140607,84318
2021-09-06,Medellín,141531,84742
2021-09-07,Medellín,142411,85243
2021-09-08,Medellín,143276,85664
2021-09-09,Medellín,144689,86295
2021-09-10,Medellín,145599,86870
2021-09-11,Medellín,146661,87553
2021-09-12,Medellín,147868,88294
2021-09-13,Medellín,148915,89042
2021-09-14,Medellín,150289,89916
2021-09-15,Medellín,151360,90722
2021-09-16,Medellín,152534,91403
2021-09-17,Medellín,154011,92352
2021-09-18,Medellín,155204,92885
2021-09-19,Medellín,156353,93480
2021-09-20,Medellín,157766,94325
2021-09-21,Medellín,159296,95253
2021-09-22,Medellín,160555,96019
2021-09-23,Medellín,161987,96916
2021-09-24,Medellín,163335,97683
2021-09-25,Medellín,164884,98560
2021-09-26,Medellín,166111,99304
2021-09-27,Medellín,167527,100048
2021-09-28,Medellín,168678,100821
2021-09-29,Medellín,169390,101206
2021-09-30,Medellín,170582,101914
2021-10-01,Medellín,172267,103368
2021-10-02,Medellín,173536,104087
2021-10-03,Medellín,174450,104694
2021-10-04,Medellín,175798,105463
2021-10-05,Medellín,176681,106043
2021-10-06,Medellín,177471,106462
2021-10-07,Medellín,178592,107232
2021-10-08,Medellín,179615,107976
2021-10-09,Medellín,181049,108946
2021-10-10,Medellín,182458,109803
2021-10-11,Medellín,184009,110565
2021-10-12,Medellín,185202,111433
2021-10-13,Medellín,186362,112252
2021-10-14,Medellín,187749,112929
2021-10-15,Medellín,189268,113996
2021-10-16,Medellín,190449,114525
2021-10-17,Medellín,191839,115452
2021-10-18,Medellín,192883,116075
2021-10-19,Medellín,193783,116527
2021-10-20,Medellín,195046,117272
2021-10-21,Medellín,196341,117989
2021-10-22,Medellín,197799,119092
2021-10-23,Medellín,199168,119552
2021-10-24,Medellín,200271,120139
2021-10-25,Medellín,201653,120953
2021-10-26,Medellín,202961,122046
2021-10-27,Medellín,204037,122686
2021-10-28,Medellín,205359,123501
2021-10-29,Medellín,206972,124380
2021-10-30,Medellín,208231,125283
2021-10-31,Medellín,209954,126362
2021-11-01,Medellín,210891,126982
2021-11-02,Medellín,212323,127925
2021-11-03,Medellín,214017,129007
2021-11-04,Medellín,215353,129716
2021-11-05,Medellín,216223,130253
2021-11-06,Medellín,218145,131278
2021-11-07,Medellín,219342,131999
2021-11-08,Medellín,220351,132535
2021-11-09,Medellín,221564,133381
2021-11-10,Medellín,222670,133961
2021-11-11,Medellín,223367,134315
2021-11-12,Medellín,224573,135026
2021-11-13,Medellín,225893,135992
2021-11-14,Medellín,227261,136702
2021-11-15,Medellín,228523,137761
2021-11-16,Medellín,230107,138442
2021-11-17,Medellín,231464,139362
2021-11-18,Medellín,233426,140603
2021-11-19,Medellín,234552,141004
2021-11-20,Medellín,235984,141932
2021-11-21,Medellín,236917,142529
2021-11-22,Medellín,238194,143535
2021-11-23,Medellín,239587,144295
2021-11-24,Medellín,241413,144881
2021-11-25,Medellín,242913,145955
2021-11-26,Medellín,244138,146784
2021-11-27,Medellín,245924,148023
2021-11-28,Medellín,247035,148649
2021-11-29,Medellín,249003,150002
2021-11-30,Medellín,250657,151261
2021-12-01,Medellín,251992,152070
2021-12-02,Medellín,253346,152860
2021-12-03,Medellín,254880,153828
2021-12-04,Medellín,256092,154545
2021-12-05,Medellín,257430,155316
2021-12-06,Medellín,258904,156313
2021-12-07,Medellín,260518,157273
2021-12-08,Medellín,261841,158185
2021-12-09,Medellín,263341,159091
2021-12-10,Medellín,264892,159994
2021-12-11,Medellín,266309,160872
2021-12-12,Medellín,268036,161543
2021-12-13,Medellín,269397,162537
2021-12-14,Medellín,271131,163316
2021-12-15,Medellín,273246,164356
2021-12-16,Medellín,274513,164961
2021-12-17,Medellín,275567,165663
2021-12-18,Medellín,277317,166901
2021-12-19,Medellín,278977,167684
2021-12-20,Medellín,280112,168191
2021-12-21,Medellín,281503,169183
2021-12-22,Medellín,282771,169912
2021-12-23,Medellín,284595,171159
2021-12-24,Medellín,285726,171914
2021-12-25,Medellín,287558,173024
2021-12-26,Medellín,289065,173998
2021-12-27,Medellín,290214,174531
2021-12-28,Medellín,291937,175416
2021-12-29,Medellín,292956,176006
2021-12-30,Medellín,294104,176693
2021-12-31,Medellín,295422,177606
2022-01-01,Medellín,296847,178716
2022-01-02,Medellín,297817,179309
2022-01-03,Medellín,299671,180523
2022-01-04,Medellín,301236,181432
2022-01-05,Medellín,302890,182365
2022-01-06,Medellín,303895,182866
2022-01-07,Medellín,305707,184013
2022-01-08,Medellín,307031,184772
2022-01-09,Medellín,308363,185714
2022-01-10,Medellín,310024,186839
2022-01-11,Medellín,311677,188092
2022-01-12,Medellín,313358,188992
2022-01-13,Medellín,314873,189753
2022-01-14,Medellín,316519,190687
2022-01-15,Medellín,318649,192302
2022-01-16,Medellín,320106,193056
2022-01-17,Medellín,321935,194265
2022-01-18,Medellín,323865,195875
2022-01-19,Medellín,325340,196755
2022-01-20,Medellín,327421,198083
2022-01-21,Medellín,328633,198785
2022-01-22,Medellín,330080,199670
2022-01-23,Medellín,331652,200496
2022-01-24,Medellín,333469,201678
2022-01-25,Medellín,335478,202801
2022-01-26,Medellín,337404,203880
2022-01-27,Medellín,339217,205251
2022-01-28,Medellín,341099,206371
2022-01-29,Medellín,342473,207026
2022-01-30,Medellín,344415,208070
2022-01-31,Medellín,345735,208722
2022-02-01,Medellín,347540,209781
2022-02-02,Medellín,349270,210744
2022-02-03,Medellín,350394,211392
2022-02-04,Medellín,351833,212486
2022-02-05,Medellín,353757,213624
2022-02-06,Medellín,355257,214418
2022-02-07,Medellín,357238,215573
2022-02-08,Medellín,358918,216497
2022-02-09,Medellín,360798,217683
2022-02-10,Medellín,362581,218771
2022-02-11,Medellín,364467,219862
2022-02-12,Medellín,365688,220647
2022-02-13,Medellín,366650,221080
2022-02-14,Medellín,368475,222468
2022-02-15,Medellín,370147,223563
2022-02-16,Medellín,371547,224503
2022-02-17,Medellín,373348,225398
2022-02-18,Medellín,375181,226383
2022-02-19,Medellín,377368,227525
2022-02-20,Medellín,379523,228730
2022-02-21,Medellín,381345,229836
2022-02-22,Medellín,382887,230694
2022-02-23,Medellín,385012,232282
2022-02-24,Medellín,386364,233086
2022-02-25,Medellín,387780,233910
2022-02-26,Medellín,390059,235136
2022-02-27,Medellín,391693,235897
2022-02-28,Medellín,393758,237496
2022-03-01,Medellín,395705,238903
2022-03-02,Medellín,397899,240332
2022-03-03,Medellín,399500,241052
2022-03-04,Medellín,400848,241792
2022-03-05,Medellín,402903,242792
2022-03-06,Medellín,405178,243902
2022-03-07,Medellín,407281,245073
2022-03-08,Medellín,408961,246224
2022-03-09,Medellín,410837,247289
2022-03-10,Medellín,412927,248168
2022-03-11,Medellín,414102,248935
2022-03-12,Medellín,415749,250088
2022-03-13,Medellín,417410,251326
2022-03-14,Medellín,418971,252236
2022-03-15,Medellín,420699,253472
2022-03-16,Medellín,422066,254547
2022-03-17,Medellín,424631,255946
2022-03-18,Medellín,426380,256816
2022-03-19,Medellín,428016,257665
2022-03-20,Medellín,429942,258940
2022-03-21,Medellín,431574,259992
2022-03-22,Medellín,432915,260775
2022-03-23,Medellín,434396,261625
2022-03-24,Medellín,435828,262099
2022-03-25,Medellín,438021,263408
2022-03-26,Medellín,439354,264268
2022-03-27,Medellín,441256,265122
2022-03-28,Medellín,443142,266268
2022-03-29,Medellín,445188,267483
2022-03-30,Medellín,446176,268010
2022-03-31,Medellín,447575,269022
2022-04-01,Medellín,449115,269993
2022-04-02,Medellín,450610,270896
2022-04-03,Medellín,452238,271964
2022-04-04,Medellín,454044,273299
2022-04-05,Medellín,455571,274326
2022-04-06,Medellín,457418,275359
2022-04-07,Medellín,458963,276505
2022-04-08,Medellín,460983,277675
2022-04-09,Medellín,462725,278797
2022-04-10,Medellín,464391,279408
2022-04-11,Medellín,465913,280364
2022-04-12,Medellín,468231,281940
2022-04-13,Medellín,469776,282862
2022-04-14,Medellín,471568,284145
2022-04-15,Medellín,473265,285474
2022-04-16,Medellín,475555,287183
2022-04-17,Medellín,478297,289180
2022-04-18,Medellín,480106,290344
2022-04-19,Medellín,482420,291730
2022-04-20,Medellín,484080,292891
2022-04-21,Medellín,486029,294183
2022-04-22,Medellín,486857,294642
2022-04-23,Medellín,488996,295488
2022-04-24,Medellín,491788,297063
2022-04-25,Medellín,493424,297914
2022-04-26,Medellín,495648,299312
2022-04-27,Medellín,497450,300126
2022-04-28,Medellín,498810,301113
2022-04-29,Medellín,500595,302161
2022-04-30,Medellín,503219,303446
2022-05-01,Medellín,505121,304683
2022-05-02,Medellín,507135,305982
2022-05-03,Medellín,508654,306787
2022-05-04,Medellín,511068,308327
2022-05-05,Medellín,513600,310045
2022-05-06,Medellín,515040,310942
2022-05-07,Medellín,517055,312398
2022-05-08,Medellín,519796,314185
2022-05-09,Medellín,521427,315094
2022-05-10,Medellín,523154,316130
2022-05-11,Medellín,524939,317616
2022-05-12,Medellín,527448,318893
2022-05-13,Medellín,529387,320041
2022-05-14,Medellín,531615,321191
2022-05-15,Medellín,534481,322626
2022-05-16,Medellín,536393,324307
2022-05-17,Medellín,538643,325711
2022-05-18,Medellín,540232,326824
2022-05-19,Medellín,542575,327687
2022-05-20,Medellín,545312,329403
2022-05-21,Medellín,547830,330807
2022-05-22,Medellín,549600,331744
2022-05-23,Medellín,551622,333128
2022-05-24,Medellín,554110,334796
2022-05-25,Medellín,554963,335322
2022-05-26,Medellín,557712,337217
2022-05-27,Medellín,560413,338626
2022-05-28,Medellín,562044,339393
2022-05-29,Medellín,563902,340776
2022-05-30,Medellín,565138,341412
2022-05-31,Medellín,567732,343314
2022-06-01,Medellín,569506,344237
2022-06-02,Medellín,571561,345191
2022-06-03,Medellín,573718,346737
2022-06-04,Medellín,575776,347867
2022-06-05,Medellín,578195,349398
2022-06-06,Medellín,580020,350531
2022-06-07,Medellín,582923,352448
2022-06-08,Medellín,584466,353373
2022-06-09,Medellín,585924,354247
2022-06-10,Medellín,588913,356428
2022-06-11,Medellín,591629,358082
2022-06-12,Medellín,593597,359332
2022-06-13,Medellín,596001,360715
2022-06-14,Medellín,598268,361935
2022-06-15,Medellín,599957,362935
2022-06-16,Medellín,602730,364119
2022-06-17,Medellín,604967,365487
2022-06-18,Medellín,607094,366953
2020-03-01,Cali,0,0
2020-03-02,Cali,0,0
2020-03-03,Cali,0,0
2020-03-04,Cali,0,0
2020-03-05,Cali,0,0
2020-03-06,Cali,0,0
2020-03-07,Cali,0,0
2020-03-08,Cali,0,0
2020-03-09,Cali,0,0
2020-03-10,Cali,0,0
2020-03-11,Cali,0,0
2020-03-12,Cali,0,0
2020-03-13,Cali,0,0
2020-03-14,Cali,0,0
2020-03-15,Cali,0,0
2020-03-16,Cali,0,0
2020-03-17,Cali,0,0
2020-03-18,Cali,0,0
2020-03-19,Cali,0,0
2020-03-20,Cali,0,0
2020-03-21,Cali,0,0
2020-03-22,Cali,0,0
2020-03-23,Cali,0,0
2020-03-24,Cali,0,0
2020-03-25,Cali,0,0
2020-03-26,Cali,0,0
2020-03-27,Cali,0,0
2020-03-28,Cali,0,0
2020-03-29,Cali,0,0
2020-03-30,Cali,0,0
2020-03-31,Cali,0,0
2020-04-01,Cali,0,0
2020-04-02,Cali,0,0
2020-04-03,Cali,0,0
2020-04-04,Cali,0,0
2020-04-05,Cali,0,0
2020-04-06,Cali,0,0
2020-04-07,Cali,0,0
2020-04-08,Cali,0,0
2020-04-09,Cali,0,0
2020-04-10,Cali,0,0
2020-04-11,Cali,0,0
2020-04-12,Cali,0,0
2020-04-13,Cali,0,0
2020-04-14,Cali,0,0
2020-04-15,Cali,0,0
2020-04-16,Cali,0,0
2020-04-17,Cali,0,0
2020-04-18,Cali,0,0
2020-04-19,Cali,0,0
2020-04-20,Cali,0,0
2020-04-21,Cali,0,0
2020-04-22,Cali,0,0
2020-04-23,Cali,0,0
2020-04-24,Cali,0,0
2020-04-25,Cali,0,0
2020-04-26,Cali,0,0
2020-04-27,Cali,0,0
2020-04-28,Cali,0,0
2020-04-29,Cali,0,0
2020-04-30,Cali,0,0
2020-05-01,Cali,0,0
2020-05-02,Cali,0,0
2020-05-03,Cali,0,0
2020-05-04,Cali,0,0
2020-05-05,Cali,0,0
2020-05-06,Cali,0,0
2020-05-07,Cali,0,0
2020-05-08,Cali,0,0
2020-05-09,Cali,0,0
2020-05-10,Cali,0,0
2020-05-11,Cali,0,0
2020-05-12,Cali,0,0
2020-05-13,Cali,0,0
2020-05-14,Cali,0,0
2020-05-15,Cali,0,0
2020-05-16,Cali,0,0
2020-05-17,Cali,0,0
2020-05-18,Cali,0,0
2020-05-19,Cali,0,0
2020-05-20,Cali,0,0
2020-05-21,Cali,0,0
2020-05-22,Cali,0,0
2020-05-23,Cali,0,0
2020-05-24,Cali,0,0
2020-05-25,Cali,0,0
2020-05-26,Cali,0,0
2020-05-27,Cali,0,0
2020-05-28,Cali,0,0
2020-05-29,Cali,0,0
2020-05-30,Cali,0,0
2020-05-31,Cali,0,0
2020-06-01,Cali,0,0
2020-06-02,Cali,0,0
2020-06-03,Cali,0,0
2020-06-04,Cali,0,0
2020-06-05,Cali,0,0
2020-06-06,Cali,0,0
2020-06-07,Cali,0,0
2020-06-08,Cali,0,0
2020-06-09,Cali,0,0
2020-06-10,Cali,0,0
2020-06-11,Cali,0,0
2020-06-12,Cali,0,0
2020-06-13,Cali,0,0
2020-06-14,Cali,0,0
2020-06-15,Cali,0,0
2020-06-16,Cali,0,0
2020-06-17,Cali,0,0
2020-06-18,Cali,0,0
2020-06-19,Cali,0,0
2020-06-20,Cali,0,0
2020-06-21,Cali,0,0
2020-06-22,Cali,0,0
2020-06-23,Cali,0,0
2020-06-24,Cali,0,0
2020-06-25,Cali,0,0
2020-06-26,Cali,0,0
2020-06-27,Cali,0,0
2020-06-28,Cali,0,0
2020-06-29,Cali,0,0
2020-06-30,Cali,0,0
2020-07-01,Cali,0,0
2020-07-02,Cali,0,0
2020-07-03,Cali,0,0
2020-07-04,Cali,0,0
2020-07-05,Cali,0,0
2020-07-06,Cali,0,0
2020-07-07,Cali,0,0
2020-07-08,Cali,0,0
2020-07-09,Cali,0,0
2020-07-10,Cali,0,0
2020-07-11,Cali,0,0
2020-07-12,Cali,0,0
2020-07-13,Cali,0,0
2020-07-14,Cali,0,0
2020-07-15,Cali,0,0
2020-07-16,Cali,0,0
2020-07-17,Cali,0,0
2020-07-18,Cali,0,0
2020-07-19,Cali,0,0
2020-07-20,Cali,0,0
2020-07-21,Cali,0,0
2020-07-22,Cali,0,0
2020-07-23,Cali,0,0
2020-07-24,Cali,0,0
2020-07-25,Cali,0,0
2020-07-26,Cali,0,0
2020-07-27,Cali,0,0
2020-07-28,Cali,0,0
2020-07-29,Cali,0,0
2020-07-30,Cali,0,0
2020-07-31,Cali,0,0
2020-08-01,Cali,0,0
2020-08-02,Cali,0,0
2020-08-03,Cali,0,0
2020-08-04,Cali,0,0
2020-08-05,Cali,0,0
2020-08-06,Cali,0,0
2020-08-07,Cali,0,0
2020-08-08,Cali,0,0
2020-08-09,Cali,0,0
2020-08-10,Cali,0,0
2020-08-11,Cali,0,0
2020-08-12,Cali,0,0
2020-08-13,Cali,0,0
2020-08-14,Cali,0,0
2020-08-15,Cali,0,0
2020-08-16,Cali,0,0
2020-08-17,Cali,0,0
2020-08-18,Cali,0,0
2020-08-19,Cali,0,0
2020-08-20,Cali,0,0
2020-08-21,Cali,0,0
2020-08-22,Cali,0,0
2020-08-23,Cali,0,0
2020-08-24,Cali,0,0
2020-08-25,Cali,0,0
2020-08-26,Cali,0,0
2020-08-27,Cali,0,0
2020-08-28,Cali,0,0
2020-08-29,Cali,0,0
2020-08-30,Cali,0,0
2020-08-31,Cali,0,0
2020-09-01,Cali,0,0
2020-09-02,Cali,0,0
2020-09-03,Cali,0,0
2020-09-04,Cali,0,0
2020-09-05,Cali,0,0
2020-09-06,Cali,0,0
2020-09-07,Cali,0,0
2020-09-08,Cali,0,0
2020-09-09,Cali,0,0
2020-09-10,Cali,0,0
2020-09-11,Cali,0,0
2020-09-12,Cali,0,0
2020-09-13,Cali,0,0
2020-09-14,Cali,0,0
2020-09-15,Cali,0,0
2020-09-16,Cali,0,0
2020-09-17,Cali,0,0
2020-09-18,Cali,0,0
2020-09-19,Cali,0,0
2020-09-20,Cali,0,0
2020-09-21,Cali,0,0
2020-09-22,Cali,0,0
2020-09-23,Cali,0,0
2020-09-24,Cali,0,0
2020-09-25,Cali,0,0
2020-09-26,Cali,0,0
2020-09-27,Cali,0,0
2020-09-28,Cali,0,0
2020-09-29,Cali,0,0
2020-09-30,Cali,0,0
2020-10-01,Cali,0,0
2020-10-02,Cali,0,0
2020-10-03,Cali,0,0
2020-10-04,Cali,0,0
2020-10-05,Cali,0,0
2020-10-06,Cali,0,0
2020-10-07,Cali,0,0
2020-10-08,Cali,0,0
2020-10-09,Cali,0,0
2020-10-10,Cali,0,0
2020-10-11,Cali,0,0
2020-10-12,Cali,0,0
2020-10-13,Cali,0,0
2020-10-14,Cali,0,0
2020-10-15,Cali,0,0
2020-10-16,Cali,0,0
2020-10-17,Cali,0,0
2020-10-18,Cali,0,0
2020-10-19,Cali,0,0
2020-10-20,Cali,0,0
2020-10-21,Cali,0,0
2020-10-22,Cali,0,0
2020-10-23,Cali,0,0
2020-10-24,Cali,0,0
2020-10-25,Cali,0,0
2020-10-26,Cali,0,0
2020-10-27,Cali,0,0
2020-10-28,Cali,0,0
2020-10-29,Cali,0,0
2020-10-30,Cali,0,0
2020-10-31,Cali,0,0
2020-11-01,Cali,0,0
2020-11-02,Cali,0,0
2020-11-03,Cali,0,0
2020-11-04,Cali,0,0
2020-11-05,Cali,0,0
2020-11-06,Cali,0,0
2020-11-07,Cali,0,0
2020-11-08,Cali,0,0
2020-11-09,Cali,0,0
2020-11-10,Cali,0,0
2020-11-11,Cali,0,0
2020-11-12,Cali,0,0
2020-11-13,Cali,0,0
2020-11-14,Cali,0,0
2020-11-15,Cali,0,0
2020-11-16,Cali,0,0
2020-11-17,Cali,0,0
2020-11-18,Cali,0,0
2020-11-19,Cali,0,0
2020-11-20,Cali,0,0
2020-11-21,Cali,0,0
2020-11-22,Cali,0,0
2020-11-23,Cali,0,0
2020-11-24,Cali,0,0
2020-11-25,Cali,0,0
2020-11-26,Cali,0,0
2020-11-27,Cali,0,0
2020-11-28,Cali,0,0
2020-11-29,Cali,0,0
2020-11-30,Cali,0,0
2020-12-01,Cali,0,0
2020-12-02,Cali,0,0
2020-12-03,Cali,0,0
2020-12-04,Cali,0,0
2020-12-05,Cali,0,0
2020-12-06,Cali,0,0
2020-12-07,Cali,0,0
2020-12-08,Cali,0,0
2020-12-09,Cali,0,0
2020-12-10,Cali,0,0
2020-12-11,Cali,0,0
2020-12-12,Cali,0,0
2020-12-13,Cali,0,0
2020-12-14,Cali,0,0
2020-12-15,Cali,0,0
2020-12-16,Cali,0,0
2020-12-17,Cali,0,0
2020-12-18,Cali,0,0
2020-12-19,Cali,0,0
2020-12-20,Cali,0,0
2020-12-21,Cali,0,0
2020-12-22,Cali,0,0
2020-12-23,Cali,0,0
2020-12-24,Cali,0,0
2020-12-25,Cali,0,0
2020-12-26,Cali,0,0
2020-12-27,Cali,0,0
2020-12-28,Cali,0,0
2020-12-29,Cali,0,0
2020-12-30,Cali,0,0
2020-12-31,Cali,0,0
2021-01-01,Cali,0,0
2021-01-02,Cali,0,0
2021-01-03,Cali,0,0
2021-01-04,Cali,0,0
2021-01-05,Cali,0,0
2021-01-06,Cali,0,0
2021-01-07,Cali,0,0
2021-01-08,Cali,0,0
2021-01-09,Cali,0,0
2021-01-10,Cali,0,0
2021-01-11,Cali,0,0
2021-01-12,Cali,0,0
2021-01-13,Cali,0,0
2021-01-14,Cali,0,0
2021-01-15,Cali,0,0
2021-01-16,Cali,0,0
2021-01-17,Cali,0,0
2021-01-18,Cali,0,0
2021-01-19,Cali,0,0
2021-01-20,Cali,0,0
2021-01-21,Cali,0,0
2021-01-22,Cali,0,0
2021-01-23,Cali,0,0
2021-01-24,Cali,0,0
2021-01-25,Cali,0,0
2021-01-26,Cali,0,0
2021-01-27,Cali,0,0
2021-01-28,Cali,0,0
2021-01-29,Cali,0,0
2021-01-30,Cali,0,0
2021-01-31,Cali,0,0
2021-02-01,Cali,0,0
2021-02-02,Cali,0,0
2021-02-03,Cali,0,0
2021-02-04,Cali,0,0
2021-02-05,Cali,0,0
2021-02-06,Cali,0,0
2021-02-07,Cali,0,0
2021-02-08,Cali,0,0
2021-02-09,Cali,0,0
2021-02-10,Cali,0,0
2021-02-11,Cali,0,0
2021-02-12,Cali,0,0
2021-02-13,Cali,0,0
2021-02-14,Cali,0,0
2021-02-15,Cali,0,0
2021-02-16,Cali,0,0
2021-02-17,Cali,178,128
2021-02-18,Cali,341,229
2021-02-19,Cali,546,352
2021-02-20,Cali,833,526
2021-02-21,Cali,1118,675
2021-02-22,Cali,1391,810
2021-02-23,Cali,1673,1001
2021-02-24,Cali,1897,1138
2021-02-25,Cali,2140,1257
2021-02-26,Cali,2363,1383
2021-02-27,Cali,2632,1550
2021-02-28,Cali,2936,1729
2021-03-01,Cali,3146,1800
2021-03-02,Cali,3562,1995
2021-03-03,Cali,3854,2172
2021-03-04,Cali,4185,2385
2021-03-05,Cali,4466,2537
2021-03-06,Cali,4797,2648
2021-03-07,Cali,5065,2864
2021-03-08,Cali,5472,3055
2021-03-09,Cali,5900,3354
2021-03-10,Cali,6244,3508
2021-03-11,Cali,6550,3708
2021-03-12,Cali,6836,3863
2021-03-13,Cali,7135,4082
2021-03-14,Cali,7428,4217
2021-03-15,Cali,7820,4470
2021-03-16,Cali,8230,4760
2021-03-17,Cali,8624,5040
2021-03-18,Cali,9123,5391
2021-03-19,Cali,9534,5562
2021-03-20,Cali,10038,5787
2021-03-21,Cali,10499,6163
2021-03-22,Cali,10968,6383
2021-03-23,Cali,11413,6683
2021-03-24,Cali,11755,6904
2021-03-25,Cali,12146,7153
2021-03-26,Cali,12522,7361
2021-03-27,Cali,12918,7660
2021-03-28,Cali,13196,7808
2021-03-29,Cali,13727,8107
2021-03-30,Cali,14194,8408
2021-03-31,Cali,14709,8665
2021-04-01,Cali,15217,9049
2021-04-02,Cali,15516,9244
2021-04-03,Cali,15794,9335
2021-04-04,Cali,16151,9515
2021-04-05,Cali,16469,9644
2021-04-06,Cali,17110,10049
2021-04-07,Cali,17516,10276
2021-04-08,Cali,17909,10534
2021-04-09,Cali,18445,10908
2021-04-10,Cali,18949,11275
2021-04-11,Cali,19366,11453
2021-04-12,Cali,19725,11710
2021-04-13,Cali,20191,11978
2021-04-14,Cali,20596,12212
2021-04-15,Cali,20977,12472
2021-04-16,Cali,21418,12767
2021-04-17,Cali,21900,13051
2021-04-18,Cali,22296,13304
2021-04-19,Cali,22598,13487
2021-04-20,Cali,22989,13742
2021-04-21,Cali,23422,14000
2021-04-22,Cali,23821,14256
2021-04-23,Cali,24339,14524
2021-04-24,Cali,24936,14849
2021-04-25,Cali,25581,15299
2021-04-26,Cali,26159,15587
2021-04-27,Cali,26739,15817
2021-04-28,Cali,27244,16160
2021-04-29,Cali,27758,16494
2021-04-30,Cali,28240,16911
2021-05-01,Cali,28678,17235
2021-05-02,Cali,29079,17487
2021-05-03,Cali,29491,17686
2021-05-04,Cali,30182,18241
2021-05-05,Cali,30683,18537
2021-05-06,Cali,31200,18819
2021-05-07,Cali,31762,19202
2021-05-08,Cali,32259,19486
2021-05-09,Cali,32877,19923
2021-05-10,Cali,33418,20309
2021-05-11,Cali,34138,20779
2021-05-12,Cali,34688,21100
2021-05-13,Cali,35280,21471
2021-05-14,Cali,35925,21831
2021-05-15,Cali,36631,22199
2021-05-16,Cali,37065,22493
2021-05-17,Cali,37731,22943
2021-05-18,Cali,38163,23189
2021-05-19,Cali,38717,23423
2021-05-20,Cali,39369,23802
2021-05-21,Cali,39872,24133
2021-05-22,Cali,40619,24641
2021-05-23,Cali,41039,24852
2021-05-24,Cali,41851,25440
2021-05-25,Cali,42407,25869
2021-05-26,Cali,43023,26290
2021-05-27,Cali,43602,26558
2021-05-28,Cali,44144,26975
2021-05-29,Cali,44674,27371
2021-05-30,Cali,45227,27688
2021-05-31,Cali,45735,27965
2021-06-01,Cali,46197,28147
2021-06-02,Cali,46614,28372
2021-06-03,Cali,47153,28749
2021-06-04,Cali,47729,29059
2021-06-05,Cali,48350,29467
2021-06-06,Cali,49172,30043
2021-06-07,Cali,49850,30373
2021-06-08,Cali,50494,30931
2021-06-09,Cali,51234,31246
2021-06-10,Cali,51922,31649
2021-06-11,Cali,52814,32405
2021-06-12,Cali,53212,32662
2021-06-13,Cali,53820,33090
2021-06-14,Cali,54397,33437
2021-06-15,Cali,55303,34094
2021-06-16,Cali,56134,34482
2021-06-17,Cali,56595,34772
2021-06-18,Cali,57213,35182
2021-06-19,Cali,57592,35379
2021-06-20,Cali,58260,35886
2021-06-21,Cali,58870,36312
2021-06-22,Cali,59496,36686
2021-06-23,Cali,59880,36897
2021-06-24,Cali,60800,37514
2021-06-25,Cali,61541,38089
2021-06-26,Cali,62071,38418
2021-06-27,Cali,62859,38966
2021-06-28,Cali,63602,39353
2021-06-29,Cali,64337,39771
2021-06-30,Cali,65287,40346
2021-07-01,Cali,66149,40810
2021-07-02,Cali,66673,41156
2021-07-03,Cali,67383,41584
2021-07-04,Cali,68368,42048
2021-07-05,Cali,69375,42676
2021-07-06,Cali,69831,42903
2021-07-07,Cali,70593,43364
2021-07-08,Cali,71181,43793
2021-07-09,Cali,71980,44323
2021-07-10,Cali,72717,44856
2021-07-11,Cali,73385,45112
2021-07-12,Cali,74420,45697
2021-07-13,Cali,75274,46136
2021-07-14,Cali,76060,46445
2021-07-15,Cali,76847,47104
2021-07-16,Cali,77787,47652
2021-07-17,Cali,78690,48186
2021-07-18,Cali,79646,48616
2021-07-19,Cali,80411,49051
2021-07-20,Cali,81332,49670
2021-07-21,Cali,81906,49951
2021-07-22,Cali,82540,50305
2021-07-23,Cali,83266,50859
2021-07-24,Cali,84409,51617
2021-07-25,Cali,85452,52047
2021-07-26,Cali,86478,52709
2021-07-27,Cali,87263,53208
2021-07-28,Cali,88107,53768
2021-07-29,Cali,88764,54042
2021-07-30,Cali,89800,54727
2021-07-31,Cali,90477,55086
2021-08-01,Cali,91047,55433
2021-08-02,Cali,91792,55963
2021-08-03,Cali,92488,56450
2021-08-04,Cali,93220,56860
2021-08-05,Cali,94079,57436
2021-08-06,Cali,94959,57851
2021-08-07,Cali,96040,58320
2021-08-08,Cali,97040,59003
2021-08-09,Cali,97988,59468
2021-08-10,Cali,99086,60234
2021-08-11,Cali,99974,60735
2021-08-12,Cali,100963,61272
2021-08-13,Cali,101975,61980
2021-08-14,Cali,102758,62419
2021-08-15,Cali,103618,62842
2021-08-16,Cali,104334,63208
2021-08-17,Cali,105271,63636
2021-08-18,Cali,106041,64038
2021-08-19,Cali,106937,64630
2021-08-20,Cali,107597,65012
2021-08-21,Cali,108290,65468
2021-08-22,Cali,109090,65999
2021-08-23,Cali,109639,66357
2021-08-24,Cali,110417,66897
2021-08-25,Cali,111018,67197
2021-08-26,Cali,111940,67817
2021-08-27,Cali,112661,68309
2021-08-28,Cali,113580,68956
2021-08-29,Cali,114374,69335
2021-08-30,Cali,115372,69870
2021-08-31,Cali,116101,70209
2021-09-01,Cali,117375,70817
2021-09-02,Cali,118273,71456
2021-09-03,Cali,119098,71783
2021-09-04,Cali,120227,72522
2021-09-05,Cali,121189,73114
2021-09-06,Cali,122155,73660
2021-09-07,Cali,122776,74185
2021-09-08,Cali,123966,74866
2021-09-09,Cali,124927,75411
2021-09-10,Cali,126226,76143
2021-09-11,Cali,126747,76394
2021-09-12,Cali,127796,76706
2021-09-13,Cali,128807,77088
2021-09-14,Cali,130083,77985
2021-09-15,Cali,130899,78416
2021-09-16,Cali,131959,78953
2021-09-17,Cali,132870,79404
2021-09-18,Cali,133800,80081
2021-09-19,Cali,134888,80692
2021-09-20,Cali,135522,81146
2021-09-21,Cali,136494,81742
2021-09-22,Cali,137260,82323
2021-09-23,Cali,138314,82976
2021-09-24,Cali,139192,83460
2021-09-25,Cali,140183,84087
2021-09-26,Cali,140914,84610
2021-09-27,Cali,142095,85318
2021-09-28,Cali,143033,85867
2021-09-29,Cali,143796,86346
2021-09-30,Cali,144754,87070
2021-10-01,Cali,145779,87701
2021-10-02,Cali,146674,88335
2021-10-03,Cali,147431,88746
2021-10-04,Cali,148227,89125
2021-10-05,Cali,149058,89503
2021-10-06,Cali,150355,90165
2021-10-07,Cali,151821,91349
2021-10-08,Cali,152463,91697
2021-10-09,Cali,153416,92259
2021-10-10,Cali,154566,92941
2021-10-11,Cali,155183,93240
2021-10-12,Cali,156503,93979
2021-10-13,Cali,157307,94388
2021-10-14,Cali,158471,95212
2021-10-15,Cali,159712,96043
2021-10-16,Cali,161027,96911
2021-10-17,Cali,162212,97551
2021-10-18,Cali,163548,98413
2021-10-19,Cali,164971,99043
2021-10-20,Cali,166041,99696
2021-10-21,Cali,166936,100194
2021-10-22,Cali,168184,101046
2021-10-23,Cali,169676,101857
2021-10-24,Cali,170879,102402
2021-10-25,Cali,172181,103129
2021-10-26,Cali,173352,103791
2021-10-27,Cali,174204,104336
2021-10-28,Cali,175077,105012
2021-10-29,Cali,176402,105856
2021-10-30,Cali,177929,106798
2021-10-31,Cali,178981,107316
2021-11-01,Cali,180351,108140
2021-11-02,Cali,181407,108726
2021-11-03,Cali,182717,109728
2021-11-04,Cali,183669,110346
2021-11-05,Cali,185034,111167
2021-11-06,Cali,186297,111753
2021-11-07,Cali,186967,112136
2021-11-08,Cali,188003,112724
2021-11-09,Cali,189233,113272
2021-11-10,Cali,190674,114100
2021-11-11,Cali,191847,114882
2021-11-12,Cali,192915,115404
2021-11-13,Cali,193937,116010
2021-11-14,Cali,195203,116732
2021-11-15,Cali,196509,117489
2021-11-16,Cali,197069,117879
2021-11-17,Cali,197882,118284
2021-11-18,Cali,198976,118926
2021-11-19,Cali,199370,119222
2021-11-20,Cali,200640,119908
2021-11-21,Cali,201940,120641
2021-11-22,Cali,203128,121371
2021-11-23,Cali,204419,122348
2021-11-24,Cali,205188,122727
2021-11-25,Cali,206355,123258
2021-11-26,Cali,207622,124062
2021-11-27,Cali,209016,124939
2021-11-28,Cali,210085,125696
2021-11-29,Cali,211255,126261
2021-11-30,Cali,212529,126736
2021-12-01,Cali,213538,127237
2021-12-02,Cali,214760,127892
2021-12-03,Cali,215731,128550
2021-12-04,Cali,217142,129643
2021-12-05,Cali,218427,130444
2021-12-06,Cali,219036,130880
2021-12-07,Cali,220140,131499
2021-12-08,Cali,221619,132549
2021-12-09,Cali,222860,133105
2021-12-10,Cali,224293,133971
2021-12-11,Cali,225578,135025
2021-12-12,Cali,227081,136172
2021-12-13,Cali,228326,136774
2021-12-14,Cali,229739,137673
2021-12-15,Cali,230504,138125
2021-12-16,Cali,231475,138771
2021-12-17,Cali,232624,139396
2021-12-18,Cali,234106,140212
2021-12-19,Cali,235078,140775
2021-12-20,Cali,235850,141235
2021-12-21,Cali,237176,141879
2021-12-22,Cali,238633,142660
2021-12-23,Cali,239722,143472
2021-12-24,Cali,241197,144353
2021-12-25,Cali,242746,145303
2021-12-26,Cali,244393,146301
2021-12-27,Cali,245652,146953
2021-12-28,Cali,246649,147629
2021-12-29,Cali,248222,148195
2021-12-30,Cali,250240,149574
2021-12-31,Cali,251620,150561
2022-01-01,Cali,253181,151638
2022-01-02,Cali,255043,152961
2022-01-03,Cali,256439,154090
2022-01-04,Cali,257697,154840
2022-01-05,Cali,259256,155964
2022-01-06,Cali,260682,156786
2022-01-07,Cali,262299,158010
2022-01-08,Cali,263501,158782
2022-01-09,Cali,265083,159642
2022-01-10,Cali,266310,160442
2022-01-11,Cali,267317,161163
2022-01-12,Cali,268573,161792
2022-01-13,Cali,270375,162835
2022-01-14,Cali,271649,163530
2022-01-15,Cali,272701,164251
2022-01-16,Cali,274065,165082
2022-01-17,Cali,275590,166053
2022-01-18,Cali,276560,166525
2022-01-19,Cali,278158,167373
2022-01-20,Cali,279699,168491
2022-01-21,Cali,281483,169623
2022-01-22,Cali,282971,170433
2022-01-23,Cali,284760,171721
2022-01-24,Cali,285733,172369
2022-01-25,Cali,287237,173515
2022-01-26,Cali,288664,174123
2022-01-27,Cali,290637,175271
2022-01-28,Cali,292095,176106
2022-01-29,Cali,293787,177050
2022-01-30,Cali,295119,177673
2022-01-31,Cali,296337,178284
2022-02-01,Cali,297581,179093
2022-02-02,Cali,298947,179717
2022-02-03,Cali,300761,180730
2022-02-04,Cali,301901,181421
2022-02-05,Cali,303514,182511
2022-02-06,Cali,305168,183648
2022-02-07,Cali,306260,184224
2022-02-08,Cali,307899,185050
2022-02-09,Cali,309054,185818
2022-02-10,Cali,310934,187097
2022-02-11,Cali,312515,188178
2022-02-12,Cali,313275,188527
2022-02-13,Cali,314294,189232
2022-02-14,Cali,315752,189951
2022-02-15,Cali,317409,190909
2022-02-16,Cali,318273,191617
2022-02-17,Cali,319486,192333
2022-02-18,Cali,321348,193224
2022-02-19,Cali,322718,194097
2022-02-20,Cali,324427,194708
2022-02-21,Cali,325995,195774
2022-02-22,Cali,327216,196475
2022-02-23,Cali,328476,197279
2022-02-24,Cali,330395,198745
2022-02-25,Cali,331472,199271
2022-02-26,Cali,332757,200151
2022-02-27,Cali,334878,201494
2022-02-28,Cali,336321,202083
2022-03-01,Cali,338401,203210
2022-03-02,Cali,340066,204161
2022-03-03,Cali,342076,205369
2022-03-04,Cali,343658,206179
2022-03-05,Cali,345316,207361
2022-03-06,Cali,346846,208214
2022-03-07,Cali,348437,209334
2022-03-08,Cali,350340,210238
2022-03-09,Cali,351854,211435
2022-03-10,Cali,353605,212684
2022-03-11,Cali,355205,213577
2022-03-12,Cali,356311,214104
2022-03-13,Cali,357654,214860
2022-03-14,Cali,359080,215629
2022-03-15,Cali,361056,216668
2022-03-16,Cali,362328,217758
2022-03-17,Cali,363693,218468
2022-03-18,Cali,365630,219874
2022-03-19,Cali,366933,220536
2022-03-20,Cali,367813,221085
2022-03-21,Cali,369418,222123
2022-03-22,Cali,370581,222741
2022-03-23,Cali,371453,223181
2022-03-24,Cali,373205,224126
2022-03-25,Cali,374552,224910
2022-03-26,Cali,376273,225805
2022-03-27,Cali,377889,226868
2022-03-28,Cali,379778,228116
2022-03-29,Cali,380945,228877
2022-03-30,Cali,382268,229517
2022-03-31,Cali,383818,230454
2022-04-01,Cali,384798,231049
2022-04-02,Cali,386465,232131
2022-04-03,Cali,388219,232957
2022-04-04,Cali,389980,233997
2022-04-05,Cali,391299,234911
2022-04-06,Cali,393107,235810
2022-04-07,Cali,394603,236682
2022-04-08,Cali,396018,237425
2022-04-09,Cali,397924,238318
2022-04-10,Cali,399617,239112
2022-04-11,Cali,401306,240279
2022-04-12,Cali,403277,241438
2022-04-13,Cali,405166,242695
2022-04-14,Cali,406666,243709
2022-04-15,Cali,408361,244612
2022-04-16,Cali,410460,245853
2022-04-17,Cali,411813,246608
2022-04-18,Cali,413665,248022
2022-04-19,Cali,415863,249583
2022-04-20,Cali,417890,250745
2022-04-21,Cali,419357,251725
2022-04-22,Cali,421407,253083
2022-04-23,Cali,423134,254154
2022-04-24,Cali,424094,254782
2022-04-25,Cali,425522,255656
2022-04-26,Cali,427446,256539
2022-04-27,Cali,429546,257923
2022-04-28,Cali,431165,259098
2022-04-29,Cali,432837,260036
2022-04-30,Cali,434254,260881
2022-05-01,Cali,435939,261759
2022-05-02,Cali,437647,263001
2022-05-03,Cali,439685,264025
2022-05-04,Cali,441694,265380
2022-05-05,Cali,443566,266473
2022-05-06,Cali,445079,267384
2022-05-07,Cali,447161,268681
2022-05-08,Cali,448387,269431
2022-05-09,Cali,449978,270371
2022-05-10,Cali,451555,271455
2022-05-11,Cali,453273,272431
2022-05-12,Cali,454943,273136
2022-05-13,Cali,456659,274099
2022-05-14,Cali,458542,275376
2022-05-15,Cali,460048,276402
2022-05-16,Cali,461378,277199
2022-05-17,Cali,462831,278079
2022-05-18,Cali,464842,279137
2022-05-19,Cali,467296,280488
2022-05-20,Cali,469145,281797
2022-05-21,Cali,471080,283082
2022-05-22,Cali,473205,284382
2022-05-23,Cali,475329,285486
2022-05-24,Cali,476881,286373
2022-05-25,Cali,479048,287885
2022-05-26,Cali,480456,288757
2022-05-27,Cali,481999,289637
2022-05-28,Cali,484080,291141
2022-05-29,Cali,485412,292035
2022-05-30,Cali,486727,293015
2022-05-31,Cali,489156,294348
2022-06-01,Cali,491157,295712
2022-06-02,Cali,493187,296995
2022-06-03,Cali,494318,297628
2022-06-04,Cali,494999,298054
2022-06-05,Cali,496514,298997
2022-06-06,Cali,498305,300359
2022-06-07,Cali,500498,301984
2022-06-08,Cali,502593,303334
2022-06-09,Cali,505186,305148
2022-06-10,Cali,506896,306151
2022-06-11,Cali,508652,307332
2022-06-12,Cali,510102,308138
2022-06-13,Cali,512010,309281
2022-06-14,Cali,514054,310481
2022-06-15,Cali,515194,311185
2022-06-16,Cali,517312,312224
2022-06-17,Cali,519522,313601
2022-06-18,Cali,520928,314599
